レース場,レース番号,レース種別,艇番,登録番号,選手名,モーター番号,ボート番号,天候,風向,風速(m),波高(cm),展示タイム,着順,決まり手,進入,スタートタイミング,レースタイム
唐津,1,朝１戦,1,4171,榎幸司,57,10,晴,南西,1,1,6.76,01,逃げ,1,0.23,1.49.6
唐津,1,朝１戦,3,4711,前出達吉,41,39,晴,南西,1,1,6.79,02,逃げ,3,0.16,1.50.4
唐津,1,朝１戦,5,5325,澁川夏,69,3,晴,南西,1,1,6.71,03,逃げ,5,0.15,1.50.7
唐津,1,朝１戦,4,3539,金子順一,36,15,晴,南西,1,1,6.77,04,逃げ,4,0.17,1.53.3
唐津,1,朝１戦,6,4196,田中太一郎,52,4,晴,南西,1,1,6.69,05,逃げ,6,0.15,1.54.7
唐津,1,朝１戦,2,3736,岡本猛,15,37,晴,南西,1,1,6.77,06,逃げ,2,0.21,1.58.4
唐津,2,モー２ング戦,4,4007,榮田将彦,43,18,晴,無風,0,1,6.74,01,まくり,4,0.06,1.49.2
唐津,2,モー２ング戦,1,5146,野田彩加,61,5,晴,無風,0,1,6.73,02,まくり,1,0.13,1.50.2
唐津,2,モー２ング戦,2,4776,竹田和哉,30,43,晴,無風,0,1,6.72,03,まくり,2,0.14,1.51.6
唐津,2,モー２ング戦,3,4641,磯村匠,66,40,晴,無風,0,1,6.71,04,まくり,3,0.11,1.53.0
唐津,2,モー２ング戦,5,3998,冨成謙児,31,14,晴,無風,0,1,6.74,05,まくり,5,0.14,1.54.9
唐津,2,モー２ング戦,6,5412,久保田凪紗,21,38,晴,無風,0,1,6.70,06,まくり,6,0.31,1.59.0
唐津,3,３ライズ戦,1,3912,川原正明,14,29,晴,北,1,1,6.71,01,逃げ,1,0.14,1.49.3
唐津,3,３ライズ戦,4,5118,野田なづき,27,23,晴,北,1,1,6.71,02,逃げ,4,0.24,1.49.8
唐津,3,３ライズ戦,6,5181,森智哉,50,12,晴,北,1,1,6.73,03,逃げ,6,0.11,1.51.5
唐津,3,３ライズ戦,3,4627,藤原菜希,33,20,晴,北,1,1,6.79,04,逃げ,3,0.17,1.52.8
唐津,3,３ライズ戦,2,3631,田添康介,23,9,晴,北,1,1,6.73,05,逃げ,2,0.24,1.54.5
唐津,3,３ライズ戦,5,5209,小野京平,53,25,晴,北,1,1,6.76,06,逃げ,5,0.18,1.56.6
唐津,4,おは４戦,2,3679,飯島昌弘,46,60,晴,北,1,1,6.76,01,まくり,2,0.08,1.48.5
唐津,4,おは４戦,3,3900,香川素子,68,31,晴,北,1,1,6.77,02,まくり,3,0.08,1.49.9
唐津,4,おは４戦,6,5129,山口真喜子,20,30,晴,北,1,1,6.76,03,まくり,6,0.21,1.52.3
唐津,4,おは４戦,4,5008,羽野諒,47,6,晴,北,1,1,6.80,04,まくり,4,0.11,1.52.5
唐津,4,おは４戦,1,4106,坂井康嗣,44,2,晴,北,1,1,6.80,05,まくり,1,0.18,1.54.7
唐津,4,おは４戦,5,3726,桂林寛,63,47,晴,北,1,1,6.79,06,まくり,5,0.15,1.55.2
唐津,5,レッツ５特賞,3,4718,北川太一,13,35,晴,北,2,2,6.80,01,まくり差し,3,0.08,1.48.1
唐津,5,レッツ５特賞,1,4214,林祐介,62,46,晴,北,2,2,6.80,02,まくり差し,1,0.12,1.50.9
唐津,5,レッツ５特賞,6,3442,宮武英司,42,32,晴,北,2,2,6.81,03,まくり差し,6,0.07,1.52.6
唐津,5,レッツ５特賞,4,4176,樋口喜彦,65,54,晴,北,2,2,6.88,04,まくり差し,4,0.07,1.54.1
唐津,5,レッツ５特賞,2,4196,田中太一郎,52,4,晴,北,2,2,6.76,05,まくり差し,2,0.15,1.55.7
唐津,5,レッツ５特賞,5,3876,中辻崇人,38,13,晴,北,2,2,6.76,06,まくり差し,5,0.05,1.56.2
唐津,6,予選,1,4411,沢田昭宏,70,26,晴,北,2,2,6.76,01,逃げ,1,0.14,1.49.0
唐津,6,予選,3,4624,高田明,54,36,晴,北,2,2,6.71,02,逃げ,3,0.18,1.50.8
唐津,6,予選,2,5146,野田彩加,61,5,晴,北,2,2,6.76,03,逃げ,2,0.17,1.51.6
唐津,6,予選,4,5325,澁川夏,69,3,晴,北,2,2,6.71,04,逃げ,4,0.18,1.53.1
唐津,6,予選,6,4104,木下陽介,11,50,晴,北,2,2,6.79,05,逃げ,6,0.14,1.53.5
唐津,6,予選,5,4505,島田賢人,48,52,晴,北,2,2,6.79,06,逃げ,5,0.22,1.55.2
唐津,7,予選,2,5298,水谷理人,16,42,晴,北,3,3,6.75,01,差し,2,0.13,1.48.4
唐津,7,予選,1,3998,冨成謙児,31,14,晴,北,3,3,6.78,02,差し,1,0.09,1.50.8
唐津,7,予選,3,4189,川上剛,26,28,晴,北,3,3,6.70,03,差し,3,0.13,1.52.4
唐津,7,予選,4,4108,吉村正明,35,11,晴,北,3,3,6.82,04,差し,4,0.16,1.54.5
唐津,7,予選,5,4056,小西英輝,64,17,晴,北,3,3,6.83,05,差し,5,0.22,1.54.8
唐津,7,予選,6,3736,岡本猛,15,37,晴,北,3,3,6.83,06,差し,6,0.25,1.56.3
唐津,8,８っぴータイ,1,4007,榮田将彦,43,18,晴,北,4,4,6.82,01,逃げ,1,0.09,1.49.8
唐津,8,８っぴータイ,2,3539,金子順一,36,15,晴,北,4,4,6.83,02,逃げ,2,0.16,1.51.2
唐津,8,８っぴータイ,5,4106,坂井康嗣,44,2,晴,北,4,4,6.87,03,逃げ,5,0.09,1.52.4
唐津,8,８っぴータイ,3,5118,野田なづき,27,23,晴,北,4,4,6.78,04,逃げ,3,0.16,1.54.2
唐津,8,８っぴータイ,4,4654,篠田優也,59,16,晴,北,4,4,6.82,05,逃げ,4,0.12,1.54.8
唐津,8,８っぴータイ,6,5171,清水未唯,58,8,晴,北,4,4,6.89,06,逃げ,6,0.11,1.56.2
唐津,9,予選,3,3876,中辻崇人,38,13,晴,北,4,4,6.84,01,まくり差し,3,0.13,1.48.9
唐津,9,予選,2,5008,羽野諒,47,6,晴,北,4,4,6.89,02,まくり差し,2,0.10,1.51.2
唐津,9,予選,1,4711,前出達吉,41,39,晴,北,4,4,6.89,03,まくり差し,1,0.13,1.52.3
唐津,9,予選,6,3284,渡邊伸太郎,19,7,晴,北,4,4,6.94,04,まくり差し,5,0.06,1.52.6
唐津,9,予選,4,5209,小野京平,53,25,晴,北,4,4,6.87,05,まくり差し,4,0.19,1.54.8
唐津,9,予選,5,5412,久保田凪紗,21,38,晴,北,4,4,6.83,06,まくり差し,6,0.09,2.00.4
唐津,10,予選特賞,1,3576,白水勝也,37,53,晴,北,5,5,6.90,01,逃げ,1,0.11,1.48.8
唐津,10,予選特賞,3,4171,榎幸司,57,10,晴,北,5,5,6.90,02,逃げ,3,0.15,1.50.7
唐津,10,予選特賞,4,4411,沢田昭宏,70,26,晴,北,5,5,6.85,03,逃げ,4,0.18,1.51.8
唐津,10,予選特賞,5,4864,小川日紀太,60,33,晴,北,5,5,6.82,04,逃げ,5,0.12,1.52.4
唐津,10,予選特賞,6,4447,深川麻奈美,29,48,晴,北,5,5,6.80,05,逃げ,6,0.18,1.53.4
唐津,10,予選特賞,2,5129,山口真喜子,20,30,晴,北,5,5,6.83,06,逃げ,2,0.19,1.53.9
唐津,11,宝当特選,1,4108,吉村正明,35,11,晴,北,4,4,6.90,01,逃げ,1,0.23,1.50.4
唐津,11,宝当特選,5,3679,飯島昌弘,46,60,晴,北,4,4,6.80,02,逃げ,5,0.14,1.51.0
唐津,11,宝当特選,3,3912,川原正明,14,29,晴,北,4,4,6.78,03,逃げ,3,0.15,1.52.6
唐津,11,宝当特選,6,4641,磯村匠,66,40,晴,北,4,4,6.79,04,逃げ,6,0.18,1.53.7
唐津,11,宝当特選,4,4096,石橋道友,24,51,晴,北,4,4,6.82,05,逃げ,4,0.09,1.54.4
唐津,11,宝当特選,2,4718,北川太一,13,35,晴,北,4,4,6.87,06,逃げ,2,0.21,1.54.8
唐津,12,からっキー選,1,4654,篠田優也,59,16,晴,北,4,4,6.89,01,逃げ,1,0.11,1.49.8
唐津,12,からっキー選,2,4214,林祐介,62,46,晴,北,4,4,6.86,02,逃げ,2,0.14,1.51.0
唐津,12,からっキー選,3,4505,島田賢人,48,52,晴,北,4,4,6.83,03,逃げ,3,0.13,1.52.7
唐津,12,からっキー選,5,4627,藤原菜希,33,20,晴,北,4,4,6.89,04,逃げ,5,0.13,1.53.0
唐津,12,からっキー選,6,3900,香川素子,68,31,晴,北,4,4,6.82,05,逃げ,6,0.11,1.54.2
唐津,12,からっキー選,4,5298,水谷理人,16,42,晴,北,4,4,6.91,06,逃げ,4,0.21,1.54.7
芦屋,1,サンライズＶ,2,5277,井上未都,17,140,晴,東,2,2,6.72,01,まくり,2,0.10,1.47.8
芦屋,1,サンライズＶ,5,4349,犬童千秋,16,170,晴,東,2,2,6.71,02,まくり,5,0.10,1.48.9
芦屋,1,サンライズＶ,3,4300,加藤綾,30,141,晴,東,2,2,6.70,03,まくり,3,0.08,1.49.4
芦屋,1,サンライズＶ,6,3604,武藤綾子,1,130,晴,東,2,2,6.74,04,まくり,6,0.15,1.51.6
芦屋,1,サンライズＶ,4,3509,池千夏,4,117,晴,東,2,2,6.76,05,まくり,4,0.08,.  .
芦屋,1,サンライズＶ,1,5057,上田紗奈,13,160,晴,東,2,2,6.76,06,まくり,1,0.29,.  .
芦屋,2,サンライズＷ,1,5069,山崎小葉音,8,131,晴,無風,0,1,6.67,01,抜き,1,0.05,1.48.3
芦屋,2,サンライズＷ,4,3435,寺田千恵,14,119,晴,無風,0,1,6.77,02,抜き,4,0.01,1.49.6
芦屋,2,サンライズＷ,2,3704,本部めぐみ,47,143,晴,無風,0,1,6.71,03,抜き,2,0.12,1.52.7
芦屋,2,サンライズＷ,3,4224,大橋栄里佳,59,150,晴,無風,0,1,6.74,04,抜き,3,0.21,1.52.9
芦屋,2,サンライズＷ,6,5370,日隈茜,40,157,晴,無風,0,1,6.73,05,抜き,6,0.04,.  .
芦屋,3,サンライズＸ,2,4974,安井瑞紀,10,158,晴,東,1,1,6.80,01,まくり,2,0.08,1.48.3
芦屋,3,サンライズＸ,3,3611,岩崎芳美,7,115,晴,東,1,1,6.82,02,まくり,3,0.11,1.49.4
芦屋,3,サンライズＸ,5,4845,前田紗希,23,161,晴,東,1,1,6.76,03,まくり,5,0.17,1.50.8
芦屋,3,サンライズＸ,1,4773,中川りな,2,135,晴,東,1,1,6.69,04,まくり,1,0.25,1.51.4
芦屋,3,サンライズＸ,6,3470,新田芳美,26,166,晴,東,1,1,6.77,05,まくり,6,0.19,.  .
芦屋,3,サンライズＸ,4,4990,田中博子,3,134,晴,東,1,1,6.73,06,まくり,4,0.18,.  .
芦屋,4,サンライズＹ,1,3618,海野ゆかり,28,159,晴,東,1,1,6.72,01,逃げ,1,0.12,1.48.4
芦屋,4,サンライズＹ,3,5013,山下夏鈴,29,149,晴,東,1,1,6.70,02,逃げ,3,0.10,1.49.8
芦屋,4,サンライズＹ,4,4878,西岡育未,6,155,晴,東,1,1,6.74,03,逃げ,4,0.16,1.51.5
芦屋,4,サンライズＹ,2,3357,福島陽子,42,122,晴,東,1,1,6.79,04,逃げ,2,0.13,1.52.6
芦屋,4,サンライズＹ,6,5373,諏訪玲奈,21,153,晴,東,1,1,6.78,05,逃げ,6,0.10,.  .
芦屋,4,サンライズＹ,5,5164,森田梨湖,52,113,晴,東,1,1,6.77,06,逃げ,5,0.17,.  .
芦屋,5,サンライズＺ,6,4530,小野生奈,9,144,晴,無風,0,1,6.71,01,まくり,6,0.14,1.51.8
芦屋,5,サンライズＺ,3,3474,松瀬弘美,19,165,晴,無風,0,1,6.75,02,まくり,3,0.17,1.53.3
芦屋,5,サンライズＺ,1,3999,大瀧明日香,5,137,晴,無風,0,1,6.79,03,まくり,1,0.18,1.56.1
芦屋,5,サンライズＺ,5,3551,藤田美代,53,145,晴,無風,0,1,6.75,04,まくり,5,0.21,1.57.4
芦屋,5,サンライズＺ,4,4784,向井田真紀,55,168,晴,無風,0,1,6.79,05,まくり,4,0.19,.  .
芦屋,6,予選,1,4300,加藤綾,30,141,晴,北西,2,2,6.74,01,逃げ,1,0.09,1.47.9
芦屋,6,予選,3,4071,古賀千晶,15,162,晴,北西,2,2,6.80,02,逃げ,3,0.14,1.50.0
芦屋,6,予選,2,4347,魚谷香織,22,163,晴,北西,2,2,6.75,03,逃げ,2,0.13,1.50.7
芦屋,6,予選,6,4011,堀之内紀代子,25,146,晴,北西,2,2,6.75,04,逃げ,5,0.22,1.50.9
芦屋,6,予選,4,3334,角ひとみ,18,127,晴,北西,2,2,6.81,05,逃げ,4,0.21,.  .
芦屋,6,予選,5,5370,日隈茜,40,157,晴,北西,2,2,6.81,06,逃げ,6,0.15,.  .
芦屋,7,予選,1,4525,真子奈津実,24,120,晴,北西,2,2,6.83,01,逃げ,1,0.11,1.48.9
芦屋,7,予選,3,3604,武藤綾子,1,130,晴,北西,2,2,6.77,02,逃げ,3,0.13,1.50.5
芦屋,7,予選,6,5019,柴田百恵,58,111,晴,北西,2,2,6.82,03,逃げ,6,0.09,1.51.4
芦屋,7,予選,4,4714,喜多須杏奈,27,136,晴,北西,2,2,6.86,04,逃げ,4,0.12,1.53.3
芦屋,7,予選,5,4990,田中博子,3,134,晴,北西,2,2,6.81,05,逃げ,5,0.08,.  .
芦屋,7,予選,2,5156,坂野さくら,51,167,晴,北西,2,2,6.88,06,逃げ,2,0.16,.  .
芦屋,8,予選,5,4433,川野芽唯,54,116,晴,北西,2,2,6.76,01,まくり,4,0.01,1.47.4
芦屋,8,予選,2,4773,中川りな,2,135,晴,北西,2,2,6.73,02,まくり,2,0.14,1.50.1
芦屋,8,予選,6,4781,西舘果里,49,124,晴,北西,2,2,6.88,03,まくり,5,0.03,1.51.8
芦屋,8,予選,1,4224,大橋栄里佳,59,150,晴,北西,2,2,6.79,04,まくり,1,0.18,1.52.8
芦屋,8,予選,4,5013,山下夏鈴,29,149,晴,北西,2,2,6.74,05,まくり,6,0.06,.  .
芦屋,8,予選,3,3509,池千夏,4,117,晴,北西,2,2,6.84,06,まくり,3,0.21,.  .
芦屋,9,予選,1,4473,藤堂里香,60,121,晴,北,3,3,6.75,01,逃げ,1,0.16,1.47.7
芦屋,9,予選,4,3470,新田芳美,26,166,晴,北,3,3,6.82,02,逃げ,4,0.11,1.50.4
芦屋,9,予選,3,4349,犬童千秋,16,170,晴,北,3,3,6.78,03,逃げ,3,0.11,1.51.3
芦屋,9,予選,5,3435,寺田千恵,14,119,晴,北,3,3,6.85,04,逃げ,5,0.19,1.51.6
芦屋,9,予選,6,3994,小野桜,48,129,晴,北,3,3,6.81,05,逃げ,6,0.23,.  .
芦屋,9,予選,2,5164,森田梨湖,52,113,晴,北,3,3,6.83,06,逃げ,2,0.19,.  .
芦屋,10,予選特賞,4,3999,大瀧明日香,5,137,晴,北,3,3,6.73,01,まくり,4,0.06,1.49.0
芦屋,10,予選特賞,1,4819,蜂須瑞生,56,164,晴,北,3,3,6.72,02,まくり,1,0.21,1.50.3
芦屋,10,予選特賞,5,3357,福島陽子,42,122,晴,北,3,3,6.75,03,まくり,5,0.04,1.52.0
芦屋,10,予選特賞,2,5057,上田紗奈,13,160,晴,北,3,3,6.74,04,まくり,2,0.19,1.52.1
芦屋,10,予選特賞,6,4347,魚谷香織,22,163,晴,北,3,3,6.74,05,まくり,6,0.06,.  .
芦屋,10,予選特賞,3,4694,高田綾,57,114,晴,北,3,3,6.78,06,まくり,3,0.28,.  .
芦屋,11,予選特選,4,5069,山崎小葉音,8,131,晴,北,3,3,6.70,01,まくり,4,0.15,1.48.4
芦屋,11,予選特選,2,4530,小野生奈,9,144,晴,北,3,3,6.62,02,まくり,2,0.24,1.49.3
芦屋,11,予選特選,6,3611,岩崎芳美,7,115,晴,北,3,3,6.79,03,まくり,6,0.13,1.51.6
芦屋,11,予選特選,1,4123,細川裕子,11,169,晴,北,3,3,6.71,04,まくり,1,0.27,1.52.9
芦屋,11,予選特選,3,3334,角ひとみ,18,127,晴,北,3,3,6.71,05,まくり,3,0.24,.  .
芦屋,11,予選特選,5,5277,井上未都,17,140,晴,北,3,3,6.73,06,まくり,5,0.12,.  .
芦屋,12,予選特選,1,4433,川野芽唯,54,116,晴,北,3,3,6.73,01,逃げ,1,0.27,1.47.8
芦屋,12,予選特選,2,4011,堀之内紀代子,25,146,晴,北,3,3,6.74,02,逃げ,2,0.26,1.49.0
芦屋,12,予選特選,4,4974,安井瑞紀,10,158,晴,北,3,3,6.83,03,逃げ,4,0.21,1.51.2
芦屋,12,予選特選,3,5019,柴田百恵,58,111,晴,北,3,3,6.78,04,逃げ,3,0.26,1.52.7
芦屋,12,予選特選,6,3474,松瀬弘美,19,165,晴,北,3,3,6.83,05,逃げ,6,0.24,.  .
芦屋,12,予選特選,5,3618,海野ゆかり,28,159,晴,北,3,3,6.78,06,逃げ,5,0.34,.  .
宮島,1,ファーストＢ,3,5238,笹木香吾,34,27,晴,東,2,2,6.75,01,まくり,3,0.08,1.51.0
宮島,1,ファーストＢ,5,4314,青木幸太郎,67,77,晴,東,2,2,6.73,02,まくり,5,0.11,1.51.5
宮島,1,ファーストＢ,2,4110,小澤和也,39,24,晴,東,2,2,6.78,03,まくり,2,0.09,1.53.1
宮島,1,ファーストＢ,1,4302,西野翔太,52,72,晴,東,2,2,6.69,04,まくり,1,0.16,1.54.3
宮島,1,ファーストＢ,6,3567,吉岡誠,22,55,晴,東,2,2,6.82,05,まくり,6,0.14,1.55.3
宮島,1,ファーストＢ,4,3471,赤峰和也,27,30,晴,東,2,2,6.79,06,まくり,4,0.13,1.56.9
宮島,2,予選,4,4230,濱崎直矢,19,28,晴,東,2,2,6.63,01,まくり,4,0.08,1.48.1
宮島,2,予選,3,4344,新田雄史,55,26,晴,東,2,2,6.75,02,まくり,3,0.11,1.51.1
宮島,2,予選,2,3911,鈴木猛,69,74,晴,東,2,2,6.70,03,まくり,2,0.14,1.52.1
宮島,2,予選,5,3769,佐竹恒彦,59,23,晴,東,2,2,6.77,04,まくり,5,0.20,1.53.5
宮島,2,予選,6,4390,松本弓雄,60,80,晴,東,2,2,6.74,05,まくり,6,0.18,1.54.6
宮島,2,予選,1,3546,中里昌志,33,52,晴,東,2,2,6.81,06,まくり,1,0.19,1.58.8
宮島,3,予選,1,4271,川崎公靖,32,12,晴,無風,0,1,6.73,01,逃げ,1,0.22,1.50.8
宮島,3,予選,5,5307,富永夏哉人,53,62,晴,無風,0,1,6.69,02,逃げ,5,0.28,1.51.7
宮島,3,予選,2,4226,村田浩司,28,54,晴,無風,0,1,6.81,03,逃げ,2,0.20,1.53.5
宮島,3,予選,3,5222,津田陸翔,75,32,晴,無風,0,1,6.71,04,逃げ,3,0.18,1.54.2
宮島,3,予選,4,5274,城間盛渚,29,70,晴,無風,0,1,6.75,05,逃げ,4,0.38,1.56.0
宮島,3,予選,6,5389,恵良琴美,21,78,晴,無風,0,1,6.69,06,逃げ,6,0.27,1.57.8
宮島,4,予選,3,3918,深井利寿,17,20,晴,南西,3,3,6.72,01,まくり,3,0.26,1.50.8
宮島,4,予選,2,4790,柳内敬太,23,17,晴,南西,3,3,6.66,02,まくり,2,0.26,1.52.4
宮島,4,予選,5,4345,西舘健,36,67,晴,南西,3,3,6.72,03,まくり,5,0.36,1.53.6
宮島,4,予選,6,5401,谷海夏人,70,25,晴,南西,3,3,6.72,04,まくり,6,0.42,1.56.0
宮島,4,予選,4,4821,妻鳥晋也,68,15,晴,南西,3,3,6.68,05,まくり,4,0.49,1.59.4
宮島,4,予選,1,4201,佐竹友樹,58,64,晴,南西,3,3,6.74,06,まくり,1,0.31,2.04.3
宮島,5,ランチ特賞,4,5193,米丸乃絵,26,65,曇り,南西,3,3,6.58,01,まくり,4,0.20,1.49.5
宮島,5,ランチ特賞,1,4590,渡邉優美,20,57,曇り,南西,3,3,6.66,02,まくり,1,0.18,1.50.9
宮島,5,ランチ特賞,2,3645,淺田千亜希,57,73,曇り,南西,3,3,6.65,03,まくり,2,0.23,1.53.8
宮島,5,ランチ特賞,5,4286,平田さやか,76,63,曇り,南西,3,3,6.62,04,まくり,5,0.17,1.54.2
宮島,5,ランチ特賞,3,5283,植木美帆,24,29,曇り,南西,3,3,6.66,05,まくり,3,0.28,1.57.1
宮島,5,ランチ特賞,6,5380,野田亜湖,25,33,曇り,南西,3,3,6.69,06,まくり,6,0.50,1.59.7
宮島,6,予選,6,4383,竹田吉行,63,58,曇り,南西,3,3,6.63,01,抜き,6,0.15,1.50.4
宮島,6,予選,2,5026,安河内健,38,75,曇り,南西,3,3,6.63,02,抜き,2,0.17,1.51.9
宮島,6,予選,5,3911,鈴木猛,69,74,曇り,南西,3,3,6.62,03,抜き,5,0.16,1.53.3
宮島,6,予選,3,2878,富山弘幸,64,38,曇り,南西,3,3,6.70,04,抜き,3,0.23,1.54.5
宮島,6,予選,4,3567,吉岡誠,22,55,曇り,南西,3,3,6.65,05,抜き,4,0.22,1.56.0
宮島,6,予選,1,4618,乃村康友,73,51,曇り,南西,3,3,6.65,06,抜き,1,0.16,1.56.5
宮島,7,予選,3,5015,高橋竜矢,35,79,曇り,南西,3,3,6.66,01,まくり,3,0.13,1.50.0
宮島,7,予選,5,5238,笹木香吾,34,27,曇り,南西,3,3,6.68,02,まくり,5,0.08,1.52.1
宮島,7,予選,6,4779,伊倉光,37,60,曇り,南西,3,3,6.67,03,まくり,6,0.06,1.53.8
宮島,7,予選,1,4656,大崎翔,56,53,曇り,南西,3,3,6.69,04,まくり,1,0.16,1.54.8
宮島,7,予選,4,4549,小林文彦,51,37,曇り,南西,3,3,6.65,05,まくり,4,0.16,1.55.7
宮島,7,予選,2,5307,富永夏哉人,53,62,曇り,南西,3,3,6.64,06,まくり,2,0.27,1.56.2
宮島,8,予選,1,4314,青木幸太郎,67,77,曇り,南西,4,4,6.61,01,逃げ,1,0.19,1.51.2
宮島,8,予選,5,4006,小野勇作,78,35,曇り,南西,4,4,6.73,02,逃げ,5,0.19,1.51.9
宮島,8,予選,2,4099,吉永則雄,77,68,曇り,南西,4,4,6.71,03,逃げ,2,0.26,1.53.4
宮島,8,予選,3,4791,黒澤めぐみ,72,39,曇り,南西,4,4,6.67,04,逃げ,3,0.38,1.54.3
宮島,8,予選,6,4226,村田浩司,28,54,曇り,南西,4,4,6.72,05,逃げ,6,0.19,1.54.9
宮島,8,予選,4,4950,高岡竜也,14,59,曇り,南西,4,4,6.66,06,逃げ,4,0.21,1.55.9
宮島,9,予選,1,4345,西舘健,36,67,曇り,南西,3,3,6.71,01,逃げ,1,0.20,1.50.0
宮島,9,予選,4,4466,南佑典,65,34,曇り,南西,3,3,6.69,02,逃げ,4,0.16,1.52.4
宮島,9,予選,2,5274,城間盛渚,29,70,曇り,南西,3,3,6.69,03,逃げ,2,0.12,1.54.0
宮島,9,予選,6,4263,武重雄介,79,61,曇り,南西,3,3,6.74,04,逃げ,6,0.24,1.55.4
宮島,9,予選,3,3546,中里昌志,33,52,曇り,南西,3,3,6.73,05,逃げ,3,0.19,1.56.6
宮島,9,予選,5,4110,小澤和也,39,24,曇り,南西,3,3,6.71,06,逃げ,5,0.25,1.58.7
宮島,10,特賞,3,3471,赤峰和也,27,30,曇り,南西,3,3,6.66,01,まくり差し,3,0.04,1.50.3
宮島,10,特賞,2,4383,竹田吉行,63,58,曇り,南西,3,3,6.63,02,まくり差し,2,0.15,1.51.4
宮島,10,特賞,4,4348,宮崎奨,71,56,曇り,南西,3,3,6.63,03,まくり差し,4,0.01,1.52.2
宮島,10,特賞,6,3645,淺田千亜希,57,73,曇り,南西,3,3,6.68,04,まくり差し,6,0.00,1.53.5
宮島,10,特賞,5,4201,佐竹友樹,58,64,曇り,南西,3,3,6.68,05,まくり差し,5,0.03,1.55.4
宮島,11,特選,1,4230,濱崎直矢,19,28,曇り,南西,4,4,6.65,01,逃げ,1,0.25,1.48.2
宮島,11,特選,3,4302,西野翔太,52,72,曇り,南西,4,4,6.67,02,逃げ,3,0.22,1.51.0
宮島,11,特選,4,2878,富山弘幸,64,38,曇り,南西,4,4,6.75,03,逃げ,4,0.20,1.52.5
宮島,11,特選,6,4549,小林文彦,51,37,曇り,南西,4,4,6.67,04,逃げ,6,0.24,1.53.6
宮島,11,特選,2,4286,平田さやか,76,63,曇り,南西,4,4,6.70,05,逃げ,2,0.32,1.54.2
宮島,11,特選,5,4790,柳内敬太,23,17,曇り,南西,4,4,6.66,06,逃げ,5,0.19,1.54.5
宮島,12,宮島ドリーム,1,4344,新田雄史,55,26,曇り,南西,4,4,6.74,01,逃げ,1,0.12,1.53.2
宮島,12,宮島ドリーム,2,3918,深井利寿,17,20,曇り,南西,4,4,6.79,02,逃げ,2,0.19,1.56.1
宮島,12,宮島ドリーム,3,4099,吉永則雄,77,68,曇り,南西,4,4,6.77,03,逃げ,3,0.20,1.57.6
宮島,12,宮島ドリーム,4,4590,渡邉優美,20,57,曇り,南西,4,4,6.72,04,逃げ,4,0.22,2.00.9
宮島,12,宮島ドリーム,6,5026,安河内健,38,75,曇り,南西,4,4,6.76,05,逃げ,6,0.28,2.04.1
児島,1,朝得ガァ〜コ,1,4734,安河内将,57,52,晴,南東,3,3,6.84,01,逃げ,1,0.11,1.48.1
児島,1,朝得ガァ〜コ,3,3372,加藤雅之,39,37,晴,南東,3,3,6.82,02,逃げ,3,0.18,1.50.8
児島,1,朝得ガァ〜コ,4,4182,吉田和仁,56,75,晴,南東,3,3,6.92,03,逃げ,4,0.11,1.52.3
児島,1,朝得ガァ〜コ,5,5138,村本大成,66,31,晴,南東,3,3,6.91,04,逃げ,5,0.09,1.53.7
児島,1,朝得ガァ〜コ,6,5323,香川陽太,41,72,晴,南東,3,3,6.86,05,逃げ,6,0.09,.  .
児島,1,朝得ガァ〜コ,2,5176,石倉拓美,20,60,晴,南東,3,3,6.85,06,逃げ,2,0.10,.  .
児島,2,一般,1,3377,塚田修二,16,25,晴,南東,3,3,6.83,01,逃げ,1,0.19,1.50.2
児島,2,一般,3,4323,山田佑樹,68,38,晴,南東,3,3,6.84,02,逃げ,3,0.16,1.51.0
児島,2,一般,4,5232,樅山拓馬,55,36,晴,南東,3,3,6.86,03,逃げ,4,0.14,1.53.9
児島,2,一般,6,5417,小柳勝希,23,57,晴,南東,3,3,6.84,04,逃げ,6,0.10,1.55.6
児島,2,一般,5,5011,高木圭大,67,48,晴,南東,3,3,6.99,05,逃げ,5,0.26,.  .
児島,2,一般,2,4097,貫地谷直人,63,30,晴,南東,3,3,6.91,06,逃げ,2,0.30,.  .
児島,3,一般,4,5111,三村岳人,21,73,晴,南東,2,3,6.83,01,差し,4,0.24,1.49.5
児島,3,一般,3,5000,岡本翔太郎,31,69,晴,南東,2,3,6.91,02,差し,3,0.18,1.51.5
児島,3,一般,2,3233,小畑実成,46,26,晴,南東,2,3,6.93,03,差し,2,0.14,1.52.4
児島,3,一般,6,3872,岡田憲行,34,22,晴,南東,2,3,6.92,04,差し,6,0.23,1.52.9
児島,3,一般,1,5131,江藤敦宏,50,55,晴,南東,2,3,6.83,05,差し,1,0.19,.  .
児島,3,一般,5,5369,岡崎凪汰,59,45,晴,南東,2,3,6.80,06,差し,5,0.32,.  .
児島,4,コジマだ４っ,3,4092,岡部大輔,43,40,晴,南東,3,3,6.83,01,差し,3,0.07,1.49.1
児島,4,コジマだ４っ,2,5086,本村大,33,11,晴,南東,3,3,6.80,02,差し,2,0.11,1.51.2
児島,4,コジマだ４っ,5,3211,北川敏弘,14,33,晴,南東,3,3,6.81,03,差し,5,0.10,1.52.4
児島,4,コジマだ４っ,1,3473,石川真二,54,71,晴,南東,3,3,6.92,04,差し,1,0.07,1.53.1
児島,4,コジマだ４っ,6,3955,眞田英二,22,53,晴,南東,3,3,6.93,05,差し,6,0.25,.  .
児島,4,コジマだ４っ,4,3499,市川哲也,24,47,晴,南東,3,3,6.82,06,差し,4,0.10,.  .
児島,5,日替艇食戦,5,5136,濱野斗馬,36,46,晴,南東,4,3,6.88,01,まくり,5,0.02,1.49.9
児島,5,日替艇食戦,6,4324,海野康志郎,53,17,晴,南東,4,3,6.91,02,まくり,6,0.08,1.51.4
児島,5,日替艇食戦,2,4607,鶴田勇雄,48,70,晴,南東,4,3,6.95,03,まくり,2,0.22,1.52.4
児島,5,日替艇食戦,1,3614,谷勝幸,12,67,晴,南東,4,3,6.84,04,まくり,1,0.14,1.53.0
児島,5,日替艇食戦,3,4531,武富智亮,45,19,晴,南東,4,3,6.96,05,まくり,3,0.18,.  .
児島,5,日替艇食戦,4,3660,長谷川親王,70,63,晴,南東,4,3,6.96,06,まくり,4,0.16,.  .
児島,6,昼得クラリス,1,4084,杉山正樹,28,34,晴,南東,4,3,6.80,01,逃げ,1,0.27,1.50.1
児島,6,昼得クラリス,3,4931,木谷賢太,27,50,晴,南東,4,3,6.89,02,逃げ,3,0.23,1.50.7
児島,6,昼得クラリス,4,3372,加藤雅之,39,37,晴,南東,4,3,6.81,03,逃げ,4,0.27,1.52.8
児島,6,昼得クラリス,5,4143,浦田晃嗣,61,44,晴,南東,4,3,6.91,04,逃げ,5,0.26,1.54.3
児島,6,昼得クラリス,2,4402,乙藤智史,44,14,晴,南東,4,3,6.84,05,逃げ,2,0.29,.  .
児島,6,昼得クラリス,6,5011,高木圭大,67,48,晴,南東,4,3,6.85,06,逃げ,6,0.22,.  .
児島,7,一般,1,4908,上田龍星,17,65,晴,南,3,3,6.85,01,逃げ,1,0.10,1.49.7
児島,7,一般,6,4832,権藤俊光,15,54,晴,南,3,3,6.85,02,逃げ,6,0.12,1.50.3
児島,7,一般,4,5131,江藤敦宏,50,55,晴,南,3,3,6.83,03,逃げ,4,0.13,1.52.4
児島,7,一般,2,3953,志道吉和,60,28,晴,南,3,3,6.94,04,逃げ,2,0.13,1.53.9
児島,7,一般,3,3377,塚田修二,16,25,晴,南,3,3,6.88,05,逃げ,3,0.12,.  .
児島,7,一般,5,5176,石倉拓美,20,60,晴,南,3,3,6.82,06,逃げ,5,0.11,.  .
児島,8,一般,1,5075,中島秀治,26,29,曇り,南東,4,3,6.86,01,抜き,1,0.22,1.50.1
児島,8,一般,2,4085,荻野裕介,62,13,曇り,南東,4,3,6.80,02,抜き,2,0.21,1.50.4
児島,8,一般,3,5232,樅山拓馬,55,36,曇り,南東,4,3,6.79,03,抜き,3,0.15,1.52.6
児島,8,一般,6,5369,岡崎凪汰,59,45,曇り,南東,4,3,6.74,04,抜き,5,0.07,1.53.4
児島,8,一般,4,5323,香川陽太,41,72,曇り,南東,4,3,6.83,05,抜き,6,0.06,.  .
児島,8,一般,5,3663,木山和幸,37,68,曇り,南東,4,3,6.83,06,抜き,4,0.10,.  .
児島,9,一般,4,3872,岡田憲行,34,22,曇り,南,3,3,6.83,01,まくり,4,0.14,1.49.4
児島,9,一般,3,4167,片岡秀樹,47,64,曇り,南,3,3,6.86,02,まくり,3,0.18,1.50.4
児島,9,一般,6,4323,山田佑樹,68,38,曇り,南,3,3,6.90,03,まくり,6,0.19,1.51.4
児島,9,一般,2,4835,橋本明,30,32,曇り,南,3,3,6.84,04,まくり,2,0.19,1.52.4
児島,9,一般,5,4728,山口亮,52,16,曇り,南,3,3,6.93,05,まくり,5,0.17,.  .
児島,9,一般,1,5138,村本大成,66,31,曇り,南,3,3,6.88,06,まくり,1,0.20,.  .
児島,10,準優勝戦,3,4734,安河内将,57,52,曇り,南西,2,3,6.81,01,まくり差し,3,0.12,1.47.8
児島,10,準優勝戦,2,5136,濱野斗馬,36,46,曇り,南西,2,3,6.78,02,まくり差し,2,0.07,1.49.9
児島,10,準優勝戦,4,4931,木谷賢太,27,50,曇り,南西,2,3,6.78,03,まくり差し,4,0.14,1.51.2
児島,10,準優勝戦,1,3955,眞田英二,22,53,曇り,南西,2,3,6.83,04,まくり差し,1,0.15,1.52.2
児島,10,準優勝戦,6,3614,谷勝幸,12,67,曇り,南西,2,3,6.79,05,まくり差し,6,0.19,.  .
児島,10,準優勝戦,5,3233,小畑実成,46,26,曇り,南西,2,3,6.80,06,まくり差し,5,0.17,.  .
児島,11,準優勝戦,1,4324,海野康志郎,53,17,曇り,南西,1,1,6.91,01,逃げ,1,0.11,1.48.9
児島,11,準優勝戦,6,3473,石川真二,54,71,曇り,南西,1,1,6.89,02,逃げ,2,0.12,1.50.2
児島,11,準優勝戦,3,5111,三村岳人,21,73,曇り,南西,1,1,6.71,03,逃げ,4,0.21,1.51.2
児島,11,準優勝戦,5,4402,乙藤智史,44,14,曇り,南西,1,1,6.79,04,逃げ,6,0.18,1.51.9
児島,11,準優勝戦,4,4531,武富智亮,45,19,曇り,南西,1,1,6.83,05,逃げ,5,0.19,.  .
児島,11,準優勝戦,2,4908,上田龍星,17,65,曇り,南西,1,1,6.77,06,逃げ,3,0.10,.  .
児島,12,準優勝戦,1,4832,権藤俊光,15,54,曇り,無風,0,1,6.81,01,逃げ,1,0.10,1.48.9
児島,12,準優勝戦,3,4084,杉山正樹,28,34,曇り,無風,0,1,6.77,02,逃げ,3,0.14,1.49.9
児島,12,準優勝戦,2,3499,市川哲也,24,47,曇り,無風,0,1,6.88,03,逃げ,2,0.11,1.50.5
児島,12,準優勝戦,4,5075,中島秀治,26,29,曇り,無風,0,1,6.83,04,逃げ,4,0.15,1.51.7
児島,12,準優勝戦,5,4607,鶴田勇雄,48,70,曇り,無風,0,1,6.79,05,逃げ,5,0.14,.  .
児島,12,準優勝戦,6,4097,貫地谷直人,63,30,曇り,無風,0,1,6.88,06,逃げ,6,0.17,.  .
丸亀,1,予選,1,3908,重成一人,28,18,曇り,西,2,2,6.84,01,逃げ,1,0.08,1.48.1
丸亀,1,予選,2,4686,丸野一樹,6,13,曇り,西,2,2,6.89,02,逃げ,2,0.11,1.49.7
丸亀,1,予選,3,4350,篠崎元志,41,55,曇り,西,2,2,6.93,03,逃げ,3,0.14,1.51.2
丸亀,1,予選,4,4503,上野真之介,25,45,曇り,西,2,2,6.84,04,逃げ,4,0.20,1.52.4
丸亀,1,予選,6,5174,川井萌,49,24,曇り,西,2,2,6.86,05,逃げ,6,0.17,1.54.1
丸亀,1,予選,5,4205,山口剛,55,44,曇り,西,2,2,6.83,06,逃げ,5,0.20,2.00.2
丸亀,2,予選,1,3721,守田俊介,40,16,曇り,南西,2,2,6.97,01,逃げ,1,0.04,1.48.6
丸亀,2,予選,4,4831,羽野直也,33,59,曇り,南西,2,2,6.90,02,逃げ,4,0.15,1.50.3
丸亀,2,予選,3,4450,平高奈菜,14,2,曇り,南西,2,2,6.95,03,逃げ,3,0.12,1.51.3
丸亀,2,予選,6,4024,井口佳典,57,25,曇り,南西,2,2,6.76,04,逃げ,6,0.16,1.52.2
丸亀,2,予選,5,5084,末永和也,7,43,曇り,南西,2,2,6.83,05,逃げ,5,0.13,1.52.9
丸亀,2,予選,2,4524,深谷知博,60,48,曇り,南西,2,2,6.94,06,逃げ,2,0.08,1.54.0
丸亀,3,予選,1,4914,吉田裕平,54,10,曇り,南西,2,2,6.89,01,逃げ,1,0.05,1.47.7
丸亀,3,予選,2,4494,河合佑樹,36,14,曇り,南西,2,2,6.85,02,逃げ,2,0.06,1.49.4
丸亀,3,予選,3,4573,佐藤翼,45,54,曇り,南西,2,2,6.87,03,逃げ,3,0.07,1.51.0
丸亀,3,予選,5,4371,西山貴浩,43,11,曇り,南西,2,2,6.99,04,逃げ,5,0.09,1.52.4
丸亀,3,予選,4,4685,島村隆幸,8,17,曇り,南西,2,2,6.88,05,逃げ,4,0.07,1.53.6
丸亀,3,予選,6,4387,平山智加,26,62,曇り,南西,2,2,6.92,06,逃げ,6,0.10,1.53.8
丸亀,4,予選,2,4166,吉田拡郎,16,60,曇り,南西,2,2,6.92,01,差し,2,0.11,1.48.2
丸亀,4,予選,1,4546,浜田亜理沙,58,35,曇り,南西,2,2,6.92,02,差し,1,0.12,1.49.1
丸亀,4,予選,4,4362,土屋智則,46,23,曇り,南西,2,2,6.83,03,差し,4,0.06,1.51.4
丸亀,4,予選,3,4760,山崎郡,31,26,曇り,南西,2,2,6.90,04,差し,3,0.09,1.52.6
丸亀,4,予選,6,4500,山田康二,1,41,曇り,南西,2,2,6.92,05,差し,6,0.08,1.52.9
丸亀,4,予選,5,3941,池田浩二,19,47,曇り,南西,2,2,6.84,06,差し,5,0.07,1.54.2
丸亀,5,予選,1,4502,遠藤エミ,65,53,曇り,南西,2,2,6.85,01,逃げ,1,0.11,1.47.8
丸亀,5,予選,2,4847,佐藤隆太郎,47,52,曇り,南西,2,2,6.79,02,逃げ,2,0.11,1.49.3
丸亀,5,予選,3,4586,磯部誠,20,64,曇り,南西,2,2,6.90,03,逃げ,3,0.15,1.50.7
丸亀,5,予選,6,4320,峰竜太,39,21,曇り,南西,2,2,6.78,04,逃げ,6,0.21,1.51.6
丸亀,5,予選,4,4787,椎名豊,52,12,曇り,南西,2,2,6.93,05,逃げ,4,0.12,1.53.2
丸亀,5,予選,5,4477,篠崎仁志,59,15,曇り,南西,2,2,6.91,06,逃げ,5,0.15,1.53.6
丸亀,6,予選,1,5121,定松勇樹,18,51,曇り,南西,2,2,6.89,01,逃げ,1,0.14,1.47.9
丸亀,6,予選,6,4238,毒島誠,30,46,曇り,南西,2,2,6.98,02,逃げ,5,0.12,1.49.1
丸亀,6,予選,2,3783,瓜生正義,64,5,曇り,南西,2,2,6.86,03,逃げ,2,0.13,1.50.7
丸亀,6,予選,3,4205,山口剛,55,44,曇り,南西,2,2,6.88,04,逃げ,3,0.25,1.51.5
丸亀,6,予選,5,5163,清水愛海,9,63,曇り,南西,2,2,6.94,05,逃げ,6,0.12,1.53.0
丸亀,6,予選,4,3388,今垣光太郎,10,56,曇り,南西,2,2,6.93,06,逃げ,4,0.19,1.56.7
丸亀,7,予選,1,4831,羽野直也,33,59,曇り,南西,1,1,6.87,01,逃げ,1,0.06,1.47.9
丸亀,7,予選,3,4418,茅原悠紀,56,31,曇り,南西,1,1,6.80,02,逃げ,3,0.11,1.49.4
丸亀,7,予選,2,3415,松井繁,38,19,曇り,南西,1,1,6.91,03,逃げ,2,0.12,1.50.6
丸亀,7,予選,4,4963,實森美祐,23,20,曇り,南西,1,1,6.94,04,逃げ,4,0.19,1.51.2
丸亀,7,予選,6,4337,平本真之,4,50,曇り,南西,1,1,6.96,05,逃げ,6,0.09,1.52.4
丸亀,7,予選,5,4503,上野真之介,25,45,曇り,南西,1,1,6.94,06,逃げ,5,0.08,1.53.4
丸亀,8,予選,1,4445,宮地元輝,37,58,曇り,北西,1,1,6.84,01,逃げ,1,0.11,1.47.4
丸亀,8,予選,2,4371,西山貴浩,43,11,曇り,北西,1,1,6.89,02,逃げ,2,0.11,1.50.3
丸亀,8,予選,3,4524,深谷知博,60,48,曇り,北西,1,1,6.87,03,逃げ,3,0.10,1.51.9
丸亀,8,予選,6,4961,西橋奈未,13,34,曇り,北西,1,1,6.81,04,逃げ,6,0.16,1.52.6
丸亀,8,予選,5,3779,原田幸哉,27,29,曇り,北西,1,1,6.90,05,逃げ,5,0.14,1.53.5
丸亀,8,予選,4,5043,中村日向,15,49,曇り,北西,1,1,6.86,06,逃げ,4,0.17,1.54.4
丸亀,9,予選,1,4459,片岡雅裕,34,61,曇り,北西,1,1,6.80,01,逃げ,1,0.09,1.47.6
丸亀,9,予選,3,3941,池田浩二,19,47,曇り,北西,1,1,6.93,02,逃げ,3,0.08,1.48.7
丸亀,9,予選,2,4573,佐藤翼,45,54,曇り,北西,1,1,6.78,03,逃げ,2,0.09,1.50.0
丸亀,9,予選,6,4851,関浩哉,21,27,曇り,北西,1,1,6.84,04,逃げ,6,0.12,1.51.8
丸亀,9,予選,5,4504,前田将太,11,4,曇り,北西,1,1,6.84,05,逃げ,5,0.13,1.52.0
丸亀,9,予選,4,5084,末永和也,7,43,曇り,北西,1,1,6.90,06,逃げ,4,0.16,1.53.0
丸亀,10,予選,1,4350,篠崎元志,41,55,曇り,北,1,1,6.89,01,逃げ,1,0.08,1.48.6
丸亀,10,予選,3,4320,峰竜太,39,21,曇り,北,1,1,6.86,02,逃げ,3,0.13,1.48.9
丸亀,10,予選,4,3721,守田俊介,40,16,曇り,北,1,1,6.98,03,逃げ,4,0.11,1.50.7
丸亀,10,予選,5,4166,吉田拡郎,16,60,曇り,北,1,1,6.89,04,逃げ,5,0.07,1.51.5
丸亀,10,予選,6,4494,河合佑樹,36,14,曇り,北,1,1,6.87,05,逃げ,6,0.13,1.52.8
丸亀,10,予選,2,4168,石野貴之,66,38,曇り,北,1,1,6.96,06,逃げ,2,0.16,1.54.6
丸亀,11,予選,1,4444,桐生順平,53,33,曇り,北東,1,1,6.84,01,逃げ,1,0.06,1.47.9
丸亀,11,予選,6,4586,磯部誠,20,64,曇り,北東,1,1,6.98,02,逃げ,6,0.08,1.50.2
丸亀,11,予選,5,4685,島村隆幸,8,17,曇り,北東,1,1,6.86,03,逃げ,5,0.09,1.51.2
丸亀,11,予選,4,3908,重成一人,28,18,曇り,北東,1,1,6.86,04,逃げ,4,0.03,1.52.8
丸亀,11,予選,2,4719,上條暢嵩,51,36,曇り,北東,1,1,6.94,05,逃げ,2,0.04,1.59.4
丸亀,12,予選,6,4571,菅章哉,50,7,曇り,北東,1,1,6.66,01,まくり,6,0.03,1.48.9
丸亀,12,予選,4,3783,瓜生正義,64,5,曇り,北東,1,1,6.92,02,まくり,4,0.15,1.49.7
丸亀,12,予選,2,3897,白井英治,61,32,曇り,北東,1,1,6.96,03,まくり,2,0.12,1.51.4
丸亀,12,予選,5,4914,吉田裕平,54,10,曇り,北東,1,1,6.91,04,まくり,5,0.14,1.52.3
丸亀,12,予選,3,4024,井口佳典,57,25,曇り,北東,1,1,6.80,05,まくり,3,0.11,1.52.8
丸亀,12,予選,1,4262,馬場貴也,35,37,曇り,北東,1,1,6.77,06,まくり,1,0.10,1.53.3
尼崎,1,朝からセンプ,1,5169,堀本翔太,27,24,晴,南西,1,0,6.80,01,逃げ,1,0.10,1.48.8
尼崎,1,朝からセンプ,3,4144,石塚久也,6,37,晴,南西,1,0,6.79,02,逃げ,3,0.13,1.50.4
尼崎,1,朝からセンプ,4,5073,上原健次郎,22,42,晴,南西,1,0,6.81,03,逃げ,4,0.11,1.51.7
尼崎,1,朝からセンプ,2,3212,亀本勇樹,7,51,晴,南西,1,0,6.87,04,逃げ,2,0.17,1.53.2
尼崎,1,朝からセンプ,6,5247,大森翼,17,49,晴,南西,1,0,6.82,05,逃げ,5,0.09,1.55.4
尼崎,1,朝からセンプ,5,4988,牟田奨太,46,25,晴,南西,1,0,6.91,06,逃げ,6,0.09,1.57.5
尼崎,2,一般,1,4759,今泉友吾,32,68,晴,南西,3,0,6.80,01,逃げ,1,0.24,1.48.5
尼崎,2,一般,3,4458,抹香雄三,9,43,晴,南西,3,0,6.79,02,逃げ,3,0.19,1.50.3
尼崎,2,一般,2,4393,田中孝明,58,40,晴,南西,3,0,6.79,03,逃げ,2,0.26,1.51.7
尼崎,2,一般,5,4638,小林遼太,61,29,晴,南西,3,0,6.81,04,逃げ,5,0.17,1.52.9
尼崎,2,一般,4,4457,神田達也,54,16,晴,南西,3,0,6.84,05,逃げ,4,0.21,1.53.4
尼崎,2,一般,6,5396,近藤来希,48,50,晴,南西,3,0,6.80,06,逃げ,6,0.23,1.56.3
尼崎,3,一般,6,3857,阿波勝哉,41,14,晴,南西,4,0,6.78,01,まくり,6,0.12,1.50.2
尼崎,3,一般,2,4578,藤山雅弘,4,28,晴,南西,4,0,6.75,02,まくり,2,0.17,1.51.6
尼崎,3,一般,3,4260,中越博紀,50,73,晴,南西,4,0,6.81,03,まくり,3,0.18,1.52.4
尼崎,3,一般,1,4840,鈴木秀茉,26,22,晴,南西,4,0,6.79,04,まくり,1,0.16,1.54.2
尼崎,3,一般,5,4268,和合俊介,12,38,晴,南西,4,0,6.81,05,まくり,5,0.09,1.55.2
尼崎,3,一般,4,3563,堤昇,20,34,晴,南西,4,0,6.84,06,まくり,4,0.14,1.57.9
尼崎,4,一般,2,5066,鈴木孝明,57,63,晴,南,4,0,6.77,01,まくり差し,3,0.21,1.48.4
尼崎,4,一般,1,4452,松尾祭,8,36,晴,南,4,0,6.76,02,まくり差し,1,0.23,1.50.3
尼崎,4,一般,3,5246,楠将太郎,42,11,晴,南,4,0,6.78,03,まくり差し,4,0.17,1.52.1
尼崎,4,一般,4,4826,井上一輝,33,75,晴,南,4,0,6.79,04,まくり差し,5,0.20,1.52.5
尼崎,4,一般,5,5333,山下智己,10,74,晴,南,4,0,6.76,05,まくり差し,6,0.24,1.54.4
尼崎,4,一般,6,3591,後藤孝義,47,39,晴,南,4,0,6.83,06,まくり差し,2,0.20,1.55.7
尼崎,5,一般,2,5208,屋良龍紀,24,55,晴,西,3,0,6.80,01,差し,2,0.16,1.50.2
尼崎,5,一般,1,4057,松井賢治,25,53,晴,西,3,0,6.75,02,差し,1,0.14,1.51.8
尼崎,5,一般,5,4114,深澤達徳,40,61,晴,西,3,0,6.82,03,差し,5,0.14,1.52.6
尼崎,5,一般,4,4907,小池修平,13,19,晴,西,3,0,6.80,04,差し,4,0.11,1.53.2
尼崎,5,一般,3,5330,安河内鈴之介,2,35,晴,西,3,0,6.78,05,差し,3,0.19,1.54.3
尼崎,5,一般,6,5261,岡暢祐,51,59,晴,西,3,0,6.83,06,差し,6,0.17,1.54.9
尼崎,6,昼どきピンク,4,5191,飛田江己,35,26,晴,西,5,3,6.71,01,まくり,4,0.03,1.49.6
尼崎,6,昼どきピンク,3,4555,富永大一,52,64,晴,西,5,3,6.79,02,まくり,3,0.13,1.51.7
尼崎,6,昼どきピンク,5,3212,亀本勇樹,7,51,晴,西,5,3,6.79,03,まくり,5,0.05,1.52.6
尼崎,6,昼どきピンク,1,5034,若林義人,30,12,晴,西,5,3,6.73,04,まくり,1,0.09,1.53.7
尼崎,6,昼どきピンク,2,5245,倉富大誠,29,56,晴,西,5,3,6.72,05,まくり,2,0.13,1.55.5
尼崎,6,昼どきピンク,6,5396,近藤来希,48,50,晴,西,5,3,6.77,06,まくり,6,0.07,1.55.6
尼崎,7,一般,1,4259,真庭明志,49,33,晴,西,5,3,6.78,01,逃げ,1,0.18,1.49.4
尼崎,7,一般,4,4472,尾嶋一広,37,30,晴,西,5,3,6.73,02,逃げ,5,0.15,1.50.6
尼崎,7,一般,3,4164,岩永節也,60,15,晴,西,5,3,6.78,03,逃げ,4,0.21,1.52.7
尼崎,7,一般,6,3563,堤昇,20,34,晴,西,5,3,6.82,04,逃げ,3,0.18,1.54.3
尼崎,7,一般,2,4355,小川広大,16,71,晴,西,5,3,6.77,05,逃げ,2,0.24,2.04.3
尼崎,7,一般,5,4669,井上茂,45,57,晴,西,5,3,6.79,06,逃げ,6,0.20,2.13.9
尼崎,8,一般,4,4260,中越博紀,50,73,晴,西,5,3,6.82,01,まくり差し,4,0.24,1.49.6
尼崎,8,一般,3,3966,作間章,18,21,晴,西,5,3,6.79,02,まくり差し,3,0.15,1.50.2
尼崎,8,一般,6,3863,海老澤泰行,1,27,晴,西,5,3,6.82,03,まくり差し,6,0.27,1.52.6
尼崎,8,一般,5,5246,楠将太郎,42,11,晴,西,5,3,6.73,04,まくり差し,5,0.19,1.53.5
尼崎,8,一般,2,4638,小林遼太,61,29,晴,西,5,3,6.80,05,まくり差し,2,0.23,1.54.1
尼崎,8,一般,1,3554,仲口博崇,21,17,晴,西,5,3,6.73,06,まくり差し,1,0.24,1.55.0
尼崎,9,一般,1,4114,深澤達徳,40,61,晴,南西,4,0,6.76,01,逃げ,1,0.22,1.48.9
尼崎,9,一般,5,4434,田中辰彦,53,45,晴,南西,4,0,6.79,02,逃げ,4,0.24,1.49.8
尼崎,9,一般,2,5073,上原健次郎,22,42,晴,南西,4,0,6.76,03,逃げ,2,0.24,1.51.6
尼崎,9,一般,4,4352,下條雄太郎,15,41,晴,南西,4,0,6.77,04,逃げ,5,0.20,1.52.6
尼崎,9,一般,6,3964,宮地博士,23,23,晴,南西,4,0,6.83,05,逃げ,6,0.29,1.53.3
尼崎,9,一般,3,5095,小原聡将,31,66,晴,南西,4,0,6.90,06,逃げ,3,0.24,1.55.0
尼崎,10,準優勝戦,1,4907,小池修平,13,19,晴,南西,4,0,6.78,01,逃げ,1,0.17,1.49.9
尼崎,10,準優勝戦,2,4759,今泉友吾,32,68,晴,南西,4,0,6.75,02,逃げ,2,0.15,1.50.8
尼崎,10,準優勝戦,6,4144,石塚久也,6,37,晴,南西,4,0,6.76,03,逃げ,6,0.17,1.52.1
尼崎,10,準優勝戦,5,5245,倉富大誠,29,56,晴,南西,4,0,6.78,04,逃げ,5,0.14,1.52.6
尼崎,10,準優勝戦,3,4452,松尾祭,8,36,晴,南西,4,0,6.84,05,逃げ,3,0.15,1.54.3
尼崎,10,準優勝戦,4,4578,藤山雅弘,4,28,晴,南西,4,0,6.79,06,逃げ,4,0.13,1.57.0
尼崎,11,準優勝戦,1,4472,尾嶋一広,37,30,晴,南西,4,0,6.71,01,逃げ,1,0.17,1.49.0
尼崎,11,準優勝戦,2,5330,安河内鈴之介,2,35,晴,南西,4,0,6.72,02,逃げ,2,0.14,1.50.0
尼崎,11,準優勝戦,3,5034,若林義人,30,12,晴,南西,4,0,6.74,03,逃げ,3,0.13,1.52.3
尼崎,11,準優勝戦,5,4458,抹香雄三,9,43,晴,南西,4,0,6.78,04,逃げ,5,0.12,1.53.5
尼崎,11,準優勝戦,4,5066,鈴木孝明,57,63,晴,南西,4,0,6.79,05,逃げ,4,0.16,1.53.8
尼崎,11,準優勝戦,6,4840,鈴木秀茉,26,22,晴,南西,4,0,6.80,06,逃げ,6,0.08,1.54.1
尼崎,12,準優勝戦,1,4826,井上一輝,33,75,晴,南西,4,0,6.73,01,逃げ,1,0.17,1.48.2
尼崎,12,準優勝戦,2,5191,飛田江己,35,26,晴,南西,4,0,6.73,02,逃げ,2,0.20,1.49.5
尼崎,12,準優勝戦,5,4057,松井賢治,25,53,晴,南西,4,0,6.78,03,逃げ,5,0.21,1.51.6
尼崎,12,準優勝戦,3,3554,仲口博崇,21,17,晴,南西,4,0,6.74,04,逃げ,3,0.22,1.53.0
尼崎,12,準優勝戦,6,4259,真庭明志,49,33,晴,南西,4,0,6.78,05,逃げ,6,0.19,1.54.0
尼崎,12,準優勝戦,4,4393,田中孝明,58,40,晴,南西,4,0,6.83,06,逃げ,4,0.23,1.55.7
住之江,1,一般戦,1,5038,金田智博,72,31,晴,無風,0,1,6.76,01,逃げ,1,0.26,1.50.5
住之江,1,一般戦,2,5035,櫻井優,65,14,晴,無風,0,1,6.86,02,逃げ,2,0.27,1.51.3
住之江,1,一般戦,3,5003,来田衣織,90,16,晴,無風,0,1,6.87,03,逃げ,3,0.23,1.53.0
住之江,1,一般戦,5,3282,池本輝明,80,22,晴,無風,0,1,6.84,04,逃げ,5,0.24,1.53.4
住之江,1,一般戦,4,4367,山口修路,67,94,晴,無風,0,1,6.91,05,逃げ,4,0.35,1.55.3
住之江,1,一般戦,6,5362,中嶋世奈,14,82,晴,無風,0,1,6.85,06,逃げ,6,0.29,1.58.9
住之江,2,一般戦,1,4905,土井祥伍,17,36,晴,無風,0,1,6.83,01,逃げ,1,0.09,1.49.8
住之江,2,一般戦,5,4899,占部一真,22,57,晴,無風,0,1,6.87,02,逃げ,5,0.14,1.51.3
住之江,2,一般戦,4,4451,松崎祐太郎,62,11,晴,無風,0,1,6.88,03,逃げ,4,0.13,1.51.3
住之江,2,一般戦,2,4181,花本夏樹,69,58,晴,無風,0,1,6.90,04,逃げ,2,0.09,1.54.0
住之江,2,一般戦,6,5270,小玉啓太,27,89,晴,無風,0,1,6.83,05,逃げ,6,0.17,1.54.3
住之江,2,一般戦,3,3974,深山祐二,73,38,晴,無風,0,1,6.90,06,逃げ,3,0.08,1.57.7
住之江,3,一般戦,1,3731,高濱芳久,16,34,晴,無風,0,1,6.86,01,逃げ,1,0.13,1.49.3
住之江,3,一般戦,3,5060,数原魁,84,75,晴,無風,0,1,6.82,02,逃げ,3,0.14,1.51.2
住之江,3,一般戦,5,4873,蒲原健太,32,32,晴,無風,0,1,6.89,03,逃げ,5,0.17,1.52.9
住之江,3,一般戦,2,4511,中岡健人,64,60,晴,無風,0,1,6.89,04,逃げ,2,0.15,1.53.9
住之江,3,一般戦,4,4692,酒井俊弘,85,27,晴,無風,0,1,6.88,05,逃げ,4,0.12,1.55.5
住之江,3,一般戦,6,5418,堀内亜海,24,86,晴,無風,0,1,6.82,06,逃げ,6,0.17,1.58.5
住之江,4,一般戦,1,4953,尾上雅也,55,56,晴,無風,0,1,6.84,01,逃げ,1,0.13,1.50.3
住之江,4,一般戦,4,5275,松田淳平,77,26,晴,無風,0,1,6.86,02,逃げ,4,0.06,1.50.9
住之江,4,一般戦,6,3859,多羅尾達之,83,73,晴,無風,0,1,6.89,03,逃げ,6,0.14,1.53.6
住之江,4,一般戦,2,3870,寺嶋雄,23,20,晴,無風,0,1,6.88,04,逃げ,2,0.10,1.53.8
住之江,4,一般戦,3,4377,濱本優一,86,84,晴,無風,0,1,6.88,05,逃げ,3,0.20,1.54.9
住之江,4,一般戦,5,4708,半田尚也,76,68,晴,無風,0,1,6.92,06,逃げ,5,0.11,1.55.0
住之江,5,住之江ファイ,2,4775,千葉真弥,79,63,晴,南東,1,1,6.89,01,差し,2,0.14,1.49.8
住之江,5,住之江ファイ,1,4927,関野文,88,33,晴,南東,1,1,6.82,02,差し,1,0.21,1.51.0
住之江,5,住之江ファイ,6,4372,原田佑実,50,52,晴,南東,1,1,6.80,03,差し,4,0.15,1.52.2
住之江,5,住之江ファイ,4,5003,来田衣織,90,16,晴,南東,1,1,6.85,04,差し,5,0.16,1.54.5
住之江,5,住之江ファイ,3,5194,大久保佑香,87,91,晴,南東,1,1,6.92,05,差し,3,0.13,1.56.0
住之江,5,住之江ファイ,5,5362,中嶋世奈,14,82,晴,南東,1,1,6.82,06,差し,6,0.21,1.58.0
住之江,6,一般戦,1,3909,佐々木康幸,74,90,晴,無風,0,1,6.80,01,逃げ,1,0.11,1.49.3
住之江,6,一般戦,2,3642,大塚浩二,70,39,晴,無風,0,1,6.85,02,逃げ,2,0.10,1.50.9
住之江,6,一般戦,3,4789,古賀智之,37,93,晴,無風,0,1,6.88,03,逃げ,3,0.23,1.52.1
住之江,6,一般戦,4,3226,浦田信義,75,88,晴,無風,0,1,6.88,04,逃げ,4,0.15,1.54.0
住之江,6,一般戦,6,4142,平野和明,18,78,晴,無風,0,1,6.84,05,逃げ,6,0.19,1.54.1
住之江,6,一般戦,5,4181,花本夏樹,69,58,晴,無風,0,1,6.88,06,逃げ,5,0.17,1.57.7
住之江,7,一般戦,1,4631,新井英孝,21,81,晴,南,2,1,6.87,01,逃げ,1,0.12,1.49.7
住之江,7,一般戦,3,4674,池田剛規,29,15,晴,南,2,1,6.88,02,逃げ,3,0.07,1.50.9
住之江,7,一般戦,4,3568,木村光宏,39,12,晴,南,2,1,6.93,03,逃げ,4,0.09,1.53.0
住之江,7,一般戦,2,4367,山口修路,67,94,晴,南,2,1,6.86,04,逃げ,2,0.06,1.53.5
住之江,7,一般戦,5,4512,高野哲史,81,67,晴,南,2,1,6.89,05,逃げ,5,0.08,1.55.4
住之江,7,一般戦,6,5418,堀内亜海,24,86,晴,南,2,1,6.80,06,逃げ,6,0.12,2.00.4
住之江,8,一般戦,1,4873,蒲原健太,32,32,晴,南,2,1,6.87,01,逃げ,1,0.21,1.50.3
住之江,8,一般戦,5,5060,数原魁,84,75,晴,南,2,1,6.77,02,逃げ,5,0.12,1.51.5
住之江,8,一般戦,4,3282,池本輝明,80,22,晴,南,2,1,6.87,03,逃げ,4,0.16,1.53.7
住之江,8,一般戦,3,5035,櫻井優,65,14,晴,南,2,1,6.84,04,逃げ,3,0.20,1.55.1
住之江,8,一般戦,2,4708,半田尚也,76,68,晴,南,2,1,6.90,05,逃げ,2,0.24,1.55.9
住之江,8,一般戦,6,3974,深山祐二,73,38,晴,南,2,1,6.81,06,逃げ,6,0.13,1.57.5
住之江,9,住之江選抜,1,4061,萩原秀人,82,69,晴,南,2,1,6.83,01,逃げ,1,0.19,1.49.1
住之江,9,住之江選抜,3,4899,占部一真,22,57,晴,南,2,1,6.87,02,逃げ,3,0.20,1.50.8
住之江,9,住之江選抜,6,5038,金田智博,72,31,晴,南,2,1,6.75,03,逃げ,6,0.12,1.52.4
住之江,9,住之江選抜,4,5194,大久保佑香,87,91,晴,南,2,1,6.90,04,逃げ,4,0.13,1.53.5
住之江,9,住之江選抜,5,4775,千葉真弥,79,63,晴,南,2,1,6.88,05,逃げ,5,0.13,1.54.7
住之江,9,住之江選抜,2,4625,渡邊裕貴,54,64,晴,南,2,1,6.84,06,逃げ,2,0.30,1.56.5
住之江,10,選抜戦,1,4142,平野和明,18,78,晴,無風,0,1,6.85,01,逃げ,1,0.10,1.48.6
住之江,10,選抜戦,3,4927,関野文,88,33,晴,無風,0,1,6.86,02,逃げ,3,0.07,1.50.1
住之江,10,選抜戦,2,4953,尾上雅也,55,56,晴,無風,0,1,6.85,03,逃げ,2,0.09,1.51.7
住之江,10,選抜戦,5,4377,濱本優一,86,84,晴,無風,0,1,6.90,04,逃げ,5,0.05,1.52.4
住之江,10,選抜戦,4,3642,大塚浩二,70,39,晴,無風,0,1,6.88,05,逃げ,4,0.09,1.54.3
住之江,10,選抜戦,6,4511,中岡健人,64,60,晴,無風,0,1,6.91,06,逃げ,6,0.10,1.56.4
住之江,11,選抜戦,1,4512,高野哲史,81,67,晴,無風,0,1,6.82,01,逃げ,1,0.18,1.49.6
住之江,11,選抜戦,4,3870,寺嶋雄,23,20,晴,無風,0,1,6.85,02,逃げ,4,0.11,1.51.0
住之江,11,選抜戦,5,4905,土井祥伍,17,36,晴,無風,0,1,6.83,03,逃げ,5,0.14,1.52.6
住之江,11,選抜戦,3,3731,高濱芳久,16,34,晴,無風,0,1,6.83,04,逃げ,3,0.17,1.53.6
住之江,11,選抜戦,6,4451,松崎祐太郎,62,11,晴,無風,0,1,6.88,05,逃げ,6,0.19,1.55.6
住之江,11,選抜戦,2,4631,新井英孝,21,81,晴,無風,0,1,6.84,06,逃げ,2,0.22,1.58.2
住之江,12,優勝戦,2,4288,永田啓二,26,13,晴,北東,1,1,6.80,01,差し,2,0.09,1.48.2
住之江,12,優勝戦,1,4483,北野輝季,28,92,晴,北東,1,1,6.76,02,差し,1,0.14,1.48.9
住之江,12,優勝戦,5,4366,前沢丈史,13,74,晴,北東,1,1,6.90,03,差し,5,0.06,1.51.1
住之江,12,優勝戦,6,4659,木下翔太,89,80,晴,北東,1,1,6.85,04,差し,6,0.09,1.53.0
住之江,12,優勝戦,3,5088,高憧四季,71,35,晴,北東,1,1,6.83,05,差し,3,0.09,1.53.7
住之江,12,優勝戦,4,4877,鈴谷一平,12,55,晴,北東,1,1,6.81,06,差し,4,0.04,1.55.9
津,1,ツッキーレー,1,4543,重木輝彦,51,30,晴,南東,2,1,6.80,01,逃げ,1,0.15,1.47.8
津,1,ツッキーレー,4,5316,村松将平,54,65,晴,南東,2,1,6.69,02,逃げ,4,0.10,1.50.9
津,1,ツッキーレー,5,5133,堀越雄貴,38,68,晴,南東,2,1,6.81,03,逃げ,5,0.16,1.52.5
津,1,ツッキーレー,2,3906,飯山晃三,19,70,晴,南東,2,1,6.82,04,逃げ,2,0.15,1.53.6
津,1,ツッキーレー,3,3503,堂原洋史,36,56,晴,南東,2,1,6.82,05,逃げ,3,0.14,.  .
津,1,ツッキーレー,6,4082,濱崎誠,68,46,晴,南東,2,1,6.78,06,逃げ,6,0.12,.  .
津,2,予選,1,4306,畔柳俊吾,43,40,晴,南東,3,2,6.82,01,逃げ,1,0.10,1.49.9
津,2,予選,3,4078,渡辺史之,24,15,晴,南東,3,2,6.79,02,逃げ,3,0.11,1.51.4
津,2,予選,2,3947,寺本昇平,48,18,晴,南東,3,2,6.72,03,逃げ,2,0.10,1.52.8
津,2,予選,4,4197,渥美卓郎,70,48,晴,南東,3,2,6.88,04,逃げ,4,0.13,1.54.5
津,2,予選,5,5103,芝田京介,57,74,晴,南東,3,2,6.84,05,逃げ,5,0.12,.  .
津,2,予選,6,5349,宮崎奏磨,11,12,晴,南東,3,2,6.78,06,逃げ,6,0.08,.  .
津,3,予選,6,3268,森竜也,41,36,晴,南東,2,1,6.87,01,まくり,2,0.14,1.49.3
津,3,予選,3,5049,松井友汰,60,58,晴,南東,2,1,6.75,02,まくり,4,0.17,1.50.8
津,3,予選,2,5055,眞鳥章太,61,76,晴,南東,2,1,6.85,03,まくり,3,0.17,1.53.1
津,3,予選,4,4470,平田健之佑,49,22,晴,南東,2,1,6.74,04,まくり,5,0.15,1.55.0
津,3,予選,1,4093,吉田宗弘,33,60,晴,南東,2,1,6.88,05,まくり,1,0.16,.  .
津,3,予選,5,3653,品川賢次,16,50,晴,南東,2,1,6.83,06,まくり,6,0.23,.  .
津,4,予選,1,4299,中島浩哉,27,37,晴,南東,3,2,6.78,01,逃げ,1,0.08,1.49.8
津,4,予選,2,4794,和田拓也,59,31,晴,南東,3,2,6.74,02,逃げ,2,0.14,1.51.5
津,4,予選,3,4331,三好勇人,23,23,晴,南東,3,2,6.80,03,逃げ,3,0.13,1.53.0
津,4,予選,4,3647,伊藤雄二,45,47,晴,南東,3,2,6.84,04,逃げ,4,0.13,1.54.0
津,4,予選,5,3992,関口智久,40,28,晴,南東,3,2,6.89,05,逃げ,5,0.19,.  .
津,4,予選,6,4319,三宅潤,44,38,晴,南東,3,2,6.81,06,逃げ,6,0.22,.  .
津,5,５ールドレー,1,4532,秋元哲,72,35,晴,南東,3,2,6.83,01,逃げ,1,0.16,1.49.1
津,5,５ールドレー,3,4272,大場広孝,12,55,晴,南東,3,2,6.76,02,逃げ,3,0.16,1.50.4
津,5,５ールドレー,2,4431,石塚裕介,29,27,晴,南東,3,2,6.77,03,逃げ,2,0.18,1.52.9
津,5,５ールドレー,4,5133,堀越雄貴,38,68,晴,南東,3,2,6.80,04,逃げ,4,0.23,1.53.4
津,5,５ールドレー,6,3619,長谷川充,52,53,晴,南東,3,2,6.84,05,逃げ,6,0.17,.  .
津,5,５ールドレー,5,5293,眞崎武蔵,71,61,晴,南東,3,2,6.80,06,逃げ,5,0.14,.  .
津,6,予選,1,3906,飯山晃三,19,70,晴,南東,3,2,6.82,01,逃げ,1,0.09,1.50.0
津,6,予選,3,4460,後藤翔之,34,57,晴,南東,3,2,6.82,02,逃げ,3,0.04,1.52.1
津,6,予選,5,3898,平田忠則,18,21,晴,南東,3,2,6.85,03,逃げ,5,0.01,1.53.0
津,6,予選,4,4078,渡辺史之,24,15,晴,南東,3,2,6.85,04,逃げ,4,0.03,1.54.3
津,6,予選,2,3448,高山秀雄,21,63,晴,南東,3,2,6.84,05,逃げ,2,0.08,.  .
津,7,予選,6,5256,中山翔太,20,69,晴,南東,3,2,6.80,01,差し,6,0.15,1.50.5
津,7,予選,5,3556,田中信一郎,66,71,晴,南東,3,2,6.76,02,差し,5,0.12,1.52.4
津,7,予選,3,4082,濱崎誠,68,46,晴,南東,3,2,6.76,03,差し,3,0.04,1.53.0
津,7,予選,4,5103,芝田京介,57,74,晴,南東,3,2,6.83,04,差し,4,0.09,1.53.2
津,7,予選,1,3653,品川賢次,16,50,晴,南東,3,2,6.87,05,差し,1,0.07,.  .
津,7,予選,2,3502,渡邉英児,67,45,晴,南東,3,2,6.78,06,差し,2,0.11,.  .
津,8,予選,1,3992,関口智久,40,28,晴,南東,3,2,6.79,01,抜き,1,0.08,1.51.2
津,8,予選,5,4470,平田健之佑,49,22,晴,南東,3,2,6.82,02,抜き,5,0.07,1.51.8
津,8,予選,4,3947,寺本昇平,48,18,晴,南東,3,2,6.79,03,抜き,4,0.08,1.52.1
津,8,予選,2,4308,河村了,56,11,晴,南東,3,2,6.76,04,抜き,2,0.13,1.52.3
津,8,予選,3,4651,佐藤大騎,62,52,晴,南東,3,2,6.85,05,抜き,3,0.10,.  .
津,8,予選,6,5411,木下虎之輔,65,54,晴,南東,3,2,6.83,06,抜き,6,0.20,.  .
津,9,予選特賞,5,4532,秋元哲,72,35,晴,南東,3,2,6.87,01,抜き,5,0.12,1.48.2
津,9,予選特賞,1,5055,眞鳥章太,61,76,晴,南東,3,2,6.83,02,抜き,1,0.13,1.52.1
津,9,予選特賞,4,4331,三好勇人,23,23,晴,南東,3,2,6.88,03,抜き,4,0.08,1.53.9
津,9,予選特賞,6,3503,堂原洋史,36,56,晴,南東,3,2,6.92,04,抜き,6,0.15,1.54.5
津,9,予選特賞,2,4197,渥美卓郎,70,48,晴,南東,3,2,6.80,05,抜き,2,0.13,.  .
津,9,予選特賞,3,3717,立間充宏,58,62,晴,南東,3,2,6.81,06,抜き,3,0.10,.  .
津,10,予選特賞,1,4369,丹下将,25,73,晴,南東,3,2,6.83,01,逃げ,1,0.16,1.49.7
津,10,予選特賞,2,3619,長谷川充,52,53,晴,南東,3,2,6.91,02,逃げ,2,0.17,1.50.2
津,10,予選特賞,3,3898,平田忠則,18,21,晴,南東,3,2,6.83,03,逃げ,3,0.28,1.51.3
津,10,予選特賞,5,4306,畔柳俊吾,43,40,晴,南東,3,2,6.83,04,逃げ,5,0.20,1.53.0
津,10,予選特賞,6,5049,松井友汰,60,58,晴,南東,3,2,6.78,05,逃げ,6,0.23,.  .
津,10,予選特賞,4,4319,三宅潤,44,24,晴,南東,3,2,6.82,06,逃げ,4,0.16,.  .
津,11,予選特選,1,4460,後藤翔之,34,57,晴,南東,3,2,6.81,01,逃げ,1,0.09,1.48.5
津,11,予選特選,4,4543,重木輝彦,51,30,晴,南東,3,2,6.74,02,逃げ,4,0.20,1.50.4
津,11,予選特選,3,3556,田中信一郎,66,71,晴,南東,3,2,6.77,03,逃げ,3,0.16,1.53.1
津,11,予選特選,2,3647,伊藤雄二,45,47,晴,南東,3,2,6.92,04,逃げ,2,0.14,1.53.8
津,11,予選特選,6,4431,石塚裕介,29,27,晴,南東,3,2,6.85,05,逃げ,6,0.20,.  .
津,11,予選特選,5,4118,宇佐見淳,17,19,晴,南東,3,2,6.88,06,逃げ,5,0.21,.  .
津,12,ツッキー選抜,1,4308,河村了,56,11,曇り,南東,3,2,6.83,01,逃げ,1,0.04,1.50.4
津,12,ツッキー選抜,2,4351,里岡右貴,14,25,曇り,南東,3,2,6.83,02,逃げ,2,0.05,1.51.2
津,12,ツッキー選抜,4,4523,中村辰也,73,66,曇り,南東,3,2,6.77,03,逃げ,4,0.07,1.52.7
津,12,ツッキー選抜,6,4794,和田拓也,59,31,曇り,南東,3,2,6.71,04,逃げ,5,0.01,1.54.8
津,12,ツッキー選抜,5,3502,渡邉英児,67,45,曇り,南東,3,2,6.82,05,逃げ,6,0.14,.  .
津,12,ツッキー選抜,3,3268,森竜也,41,36,曇り,南東,3,2,6.88,06,逃げ,3,0.08,.  .
浜名湖,1,予選,1,4068,幸田智裕,44,63,晴,南,3,1,6.62,01,逃げ,1,0.29,1.50.4
浜名湖,1,予選,5,3441,土屋太朗,23,27,晴,南,3,1,6.64,02,逃げ,5,0.32,1.51.1
浜名湖,1,予選,3,4792,杉村賢也,56,14,晴,南,3,1,6.67,03,逃げ,2,0.39,1.53.9
浜名湖,1,予選,4,3701,大西隆洋,52,69,晴,南,3,1,6.71,04,逃げ,6,0.22,1.55.2
浜名湖,1,予選,2,4978,山田和佐,66,71,晴,南,3,1,6.65,05,逃げ,4,0.47,.  .
浜名湖,1,予選,6,4186,小川時光,12,57,晴,南,3,1,6.70,06,逃げ,3,0.40,.  .
浜名湖,2,予選,2,3699,富永正人,41,47,晴,南,4,2,6.63,01,差し,2,0.28,1.49.8
浜名湖,2,予選,3,3987,後藤正宗,36,35,晴,南,4,2,6.67,02,差し,3,0.23,1.51.8
浜名湖,2,予選,4,3662,大庭元明,32,40,晴,南,4,2,6.71,03,差し,4,0.32,1.52.4
浜名湖,2,予選,1,4863,三浦裕貴,47,38,晴,南,4,2,6.72,04,差し,1,0.26,1.52.6
浜名湖,2,予選,5,4526,池田雄祐,3,19,晴,南,4,2,6.67,05,差し,5,0.20,.  .
浜名湖,2,予選,6,5377,鳥居塚嶺王,57,60,晴,南,4,2,6.70,06,差し,6,0.35,.  .
浜名湖,3,予選,4,3772,一柳和孝,28,20,晴,南西,4,2,6.66,01,まくり差し,5,0.06,1.50.2
浜名湖,3,予選,3,3710,吉永泰弘,19,24,晴,南西,4,2,6.61,02,まくり差し,4,0.07,1.51.7
浜名湖,3,予選,6,5141,大澤風葵,53,50,晴,南西,4,2,6.63,03,まくり差し,6,0.08,1.53.1
浜名湖,3,予選,1,5278,田中駿兵,50,76,晴,南西,4,2,6.59,04,まくり差し,1,0.14,1.53.8
浜名湖,3,予選,2,4138,中井俊祐,4,12,晴,南西,4,2,6.65,05,まくり差し,3,0.18,.  .
浜名湖,3,予選,5,3558,山本浩次,17,16,晴,南西,4,2,6.65,06,まくり差し,2,0.37,.  .
浜名湖,4,ランチタイム,1,4136,江夏満,22,13,晴,南西,4,2,6.65,01,逃げ,1,0.18,1.49.7
浜名湖,4,ランチタイム,2,3600,玄馬徹,11,28,晴,南西,4,2,6.64,02,逃げ,2,0.20,1.51.9
浜名湖,4,ランチタイム,3,3406,中里英夫,40,44,晴,南西,4,2,6.66,03,逃げ,3,0.16,1.52.9
浜名湖,4,ランチタイム,4,5020,宮村勇哉,5,32,晴,南西,4,2,6.63,04,逃げ,4,0.15,1.54.2
浜名湖,4,ランチタイム,6,3430,角浜修,51,74,晴,南西,4,2,6.69,05,逃げ,6,0.21,.  .
浜名湖,4,ランチタイム,5,4360,庄司孝輔,20,22,晴,南西,4,2,6.66,06,逃げ,5,0.19,.  .
浜名湖,5,予選,2,3952,中澤和志,46,36,晴,南,4,2,6.63,01,差し,2,0.07,1.50.2
浜名湖,5,予選,1,4219,本岡勝利,15,67,晴,南,4,2,6.65,02,差し,1,0.07,1.51.7
浜名湖,5,予選,3,4485,楠原正剛,38,75,晴,南,4,2,6.66,03,差し,3,0.08,1.53.4
浜名湖,5,予選,5,3385,渡邉睦広,14,56,晴,南,4,2,6.70,04,差し,5,0.27,1.54.5
浜名湖,5,予選,6,3977,山本兼士,35,39,晴,南,4,2,6.69,05,差し,6,0.16,.  .
浜名湖,5,予選,4,5313,鈴木唯央,39,26,晴,南,4,2,6.64,06,差し,4,0.22,.  .
浜名湖,6,予選,4,3699,富永正人,41,47,晴,南西,5,3,6.65,01,まくり,4,0.12,1.49.1
浜名湖,6,予選,5,3562,山下和彦,27,58,晴,南西,5,3,6.61,02,まくり,5,0.10,1.51.1
浜名湖,6,予選,2,4732,堀本和也,61,45,晴,南西,5,3,6.70,03,まくり,2,0.12,1.53.2
浜名湖,6,予選,1,4792,杉村賢也,56,14,晴,南西,5,3,6.59,04,まくり,1,0.12,1.55.1
浜名湖,6,予選,3,4293,鈴木智啓,2,49,晴,南西,5,3,6.66,05,まくり,3,0.17,.  .
浜名湖,6,予選,6,5402,塚越陸斗,31,66,晴,南西,5,3,6.72,06,まくり,6,0.13,.  .
浜名湖,7,予選,3,4233,亀山雅幸,34,64,晴,南西,5,3,6.56,01,まくり差し,4,0.15,1.49.3
浜名湖,7,予選,6,3946,赤岩善生,30,21,晴,南西,5,3,6.67,02,まくり差し,3,0.16,1.50.0
浜名湖,7,予選,4,4978,山田和佐,66,71,晴,南西,5,3,6.68,03,まくり差し,5,0.13,1.52.6
浜名湖,7,予選,1,5299,西丸敦基,37,18,晴,南西,5,3,6.62,04,まくり差し,1,0.35,1.53.1
浜名湖,7,予選,5,5377,鳥居塚嶺王,57,60,晴,南西,5,3,6.65,05,まくり差し,6,0.15,.  .
浜名湖,7,予選,2,3882,新田智彰,18,59,晴,南西,5,3,6.60,06,まくり差し,2,0.58,.  .
浜名湖,8,ブレイクタイ,4,3956,横澤剛治,21,70,晴,南西,4,2,6.62,01,差し,4,0.04,1.50.4
浜名湖,8,ブレイクタイ,1,3662,大庭元明,32,40,晴,南西,4,2,6.65,02,差し,1,0.04,1.51.7
浜名湖,8,ブレイクタイ,3,5128,坪井爽佑,54,46,晴,南西,4,2,6.63,03,差し,3,0.02,1.54.1
浜名湖,8,ブレイクタイ,5,4068,幸田智裕,44,63,晴,南西,4,2,6.62,04,差し,5,0.07,1.55.2
浜名湖,8,ブレイクタイ,2,3652,森下勇,7,54,晴,南西,4,2,6.65,05,差し,2,0.02,.  .
浜名湖,8,ブレイクタイ,6,3600,玄馬徹,11,28,晴,南西,4,2,6.71,06,差し,6,0.09,.  .
浜名湖,9,予選特賞,1,3987,後藤正宗,36,35,晴,南西,5,3,6.63,01,逃げ,1,0.20,1.51.2
浜名湖,9,予選特賞,2,3158,島川光男,65,33,晴,南西,5,3,6.67,02,逃げ,2,0.20,1.52.3
浜名湖,9,予選特賞,6,5020,宮村勇哉,5,32,晴,南西,5,3,6.65,03,逃げ,6,0.25,1.53.8
浜名湖,9,予選特賞,4,3441,土屋太朗,23,27,晴,南西,5,3,6.64,04,逃げ,4,0.20,1.54.5
浜名湖,9,予選特賞,3,3772,一柳和孝,28,20,晴,南西,5,3,6.67,05,逃げ,3,0.21,.  .
浜名湖,9,予選特賞,5,4485,楠原正剛,38,75,晴,南西,5,3,6.62,06,逃げ,5,0.19,.  .
浜名湖,10,予選特賞,5,3406,中里英夫,40,44,晴,南西,5,3,6.66,01,まくり差し,5,0.14,1.49.9
浜名湖,10,予選特賞,1,4067,永井源,1,31,晴,南西,5,3,6.58,02,まくり差し,1,0.15,1.51.7
浜名湖,10,予選特賞,4,4395,下河雅史,8,53,晴,南西,5,3,6.67,03,まくり差し,4,0.06,1.53.3
浜名湖,10,予選特賞,2,3385,渡邉睦広,14,56,晴,南西,5,3,6.65,04,まくり差し,2,0.13,1.54.9
浜名湖,10,予選特賞,6,4138,中井俊祐,4,12,晴,南西,5,3,6.58,05,まくり差し,6,0.27,.  .
浜名湖,10,予選特賞,3,3701,大西隆洋,52,69,晴,南西,5,3,6.72,06,まくり差し,3,0.19,.  .
浜名湖,11,予選特選,2,4053,芦澤望,26,51,晴,南西,4,2,6.68,01,差し,2,0.16,1.50.7
浜名湖,11,予選特選,1,3562,山下和彦,27,58,晴,南西,4,2,6.60,02,差し,1,0.23,1.51.7
浜名湖,11,予選特選,3,4526,池田雄祐,3,19,晴,南西,4,2,6.60,03,差し,3,0.19,1.53.1
浜名湖,11,予選特選,6,4233,亀山雅幸,34,64,晴,南西,4,2,6.61,04,差し,6,0.35,1.53.8
浜名湖,11,予選特選,4,3977,山本兼士,35,39,晴,南西,4,2,6.63,05,差し,4,0.21,.  .
浜名湖,11,予選特選,5,3710,吉永泰弘,19,24,晴,南西,4,2,6.65,06,差し,5,0.30,.  .
浜名湖,12,ドリーム戦,1,3956,横澤剛治,21,70,晴,南西,4,2,6.63,01,逃げ,1,0.13,1.48.8
浜名湖,12,ドリーム戦,3,4136,江夏満,22,13,晴,南西,4,2,6.64,02,逃げ,3,0.15,1.49.4
浜名湖,12,ドリーム戦,5,3952,中澤和志,46,36,晴,南西,4,2,6.58,03,逃げ,5,0.14,1.52.0
浜名湖,12,ドリーム戦,2,3946,赤岩善生,30,21,晴,南西,4,2,6.63,04,逃げ,2,0.13,1.53.3
浜名湖,12,ドリーム戦,6,4732,堀本和也,61,45,晴,南西,4,2,6.65,05,逃げ,6,0.17,.  .
浜名湖,12,ドリーム戦,4,5141,大澤風葵,53,50,晴,南西,4,2,6.61,06,逃げ,4,0.31,.  .
多摩川,1,一般,4,5076,石原光,67,35,晴,北東,1,2,6.83,01,まくり,4,0.09,1.49.6
多摩川,1,一般,3,4876,梅木敬太,49,49,晴,北東,1,2,6.77,02,まくり,3,0.25,1.50.6
多摩川,1,一般,5,4834,浜本裕己,22,63,晴,北東,1,2,6.73,03,まくり,5,0.12,1.51.3
多摩川,1,一般,2,4785,木幡純也,13,68,晴,北東,1,2,6.82,04,まくり,2,0.22,1.53.5
多摩川,1,一般,1,4813,宮内直哉,68,34,晴,北東,1,2,6.73,05,まくり,1,0.19,.  .
多摩川,1,一般,6,3635,石田政吾,46,38,晴,北東,1,2,6.79,06,まくり,6,0.15,.  .
多摩川,2,一般,1,5143,常盤海心,16,45,晴,東,1,2,6.72,01,逃げ,1,0.17,1.48.3
多摩川,2,一般,3,5252,荒木颯斗,42,31,晴,東,1,2,6.72,02,逃げ,3,0.15,1.49.4
多摩川,2,一般,4,4943,八木治樹,56,30,晴,東,1,2,6.72,03,逃げ,4,0.17,1.51.8
多摩川,2,一般,5,4152,深水慎一郎,51,69,晴,東,1,2,6.68,04,逃げ,5,0.18,1.52.7
多摩川,2,一般,6,5282,中本大樹,69,44,晴,東,1,2,6.71,05,逃げ,6,0.22,.  .
多摩川,2,一般,2,5065,伊久間陽優,20,23,晴,東,1,2,6.73,06,逃げ,2,0.13,.  .
多摩川,3,一般,3,3655,本橋克洋,37,27,晴,東,1,2,6.83,01,まくり差し,3,0.16,1.48.9
多摩川,3,一般,2,3477,近藤稔也,59,82,晴,東,1,2,6.81,02,まくり差し,2,0.19,1.50.0
多摩川,3,一般,4,4898,菊地敬介,33,22,晴,東,1,2,6.79,03,まくり差し,4,0.12,1.51.2
多摩川,3,一般,5,3256,三角哲男,43,48,晴,東,1,2,6.86,04,まくり差し,5,0.09,1.52.6
多摩川,3,一般,1,5266,石田勇斗,19,60,晴,東,1,2,6.79,05,まくり差し,1,0.26,.  .
多摩川,3,一般,6,5368,宮崎心之介,15,50,晴,東,1,2,6.82,06,まくり差し,6,0.12,.  .
多摩川,4,一般,5,4824,松井洪弥,26,77,晴,東,3,2,6.80,01,まくり差し,5,0.19,1.50.1
多摩川,4,一般,1,4461,安田吉宏,11,65,晴,東,3,2,6.88,02,まくり差し,1,0.17,1.51.0
多摩川,4,一般,2,4200,早川尚人,12,43,晴,東,3,2,6.84,03,まくり差し,2,0.36,1.51.9
多摩川,4,一般,6,5096,上原崚,34,32,晴,東,3,2,6.86,04,まくり差し,6,0.13,1.53.3
多摩川,4,一般,4,3860,松本浩貴,28,41,晴,東,3,2,6.88,05,まくり差し,4,0.37,.  .
多摩川,4,一般,3,4231,鈴木裕隆,39,76,晴,東,3,2,6.83,06,まくり差し,3,0.33,.  .
多摩川,5,一般,4,4435,服部達哉,21,54,晴,東,1,2,6.84,01,差し,4,0.11,1.49.1
多摩川,5,一般,3,3482,金子猛志,52,80,晴,東,1,2,6.79,02,差し,3,0.08,1.49.9
多摩川,5,一般,5,4785,木幡純也,13,68,晴,東,1,2,6.85,03,差し,5,0.12,1.50.7
多摩川,5,一般,2,4486,野村誠,66,40,晴,東,1,2,6.85,04,差し,2,0.11,1.50.9
多摩川,5,一般,1,5046,松山裕基,65,55,晴,東,1,2,6.85,05,差し,1,0.05,.  .
多摩川,5,一般,6,4274,長畑友輔,48,42,晴,東,1,2,6.81,06,差し,6,0.12,.  .
多摩川,6,一般,1,4650,中山雄太,71,64,晴,東,5,2,6.66,01,逃げ,1,0.08,1.49.6
多摩川,6,一般,2,3557,太田和美,50,84,晴,東,5,2,6.73,02,逃げ,2,0.08,1.50.8
多摩川,6,一般,5,3983,須藤博倫,17,33,晴,東,5,2,6.77,03,逃げ,5,0.15,1.52.0
多摩川,6,一般,3,4813,宮内直哉,68,34,晴,東,5,2,6.76,04,逃げ,3,0.19,1.53.5
多摩川,6,一般,4,5143,常盤海心,16,45,晴,東,5,2,6.79,05,逃げ,4,0.18,.  .
多摩川,6,一般,6,5366,塩嶋泰空,57,75,晴,東,5,2,6.80,06,逃げ,6,0.21,.  .
多摩川,7,一般,4,4700,金子和之,29,47,晴,北東,4,2,6.71,01,差し,4,0.15,1.48.9
多摩川,7,一般,5,3995,重野哲之,44,52,晴,北東,4,2,6.74,02,差し,5,0.15,1.50.3
多摩川,7,一般,1,4446,和田兼輔,58,83,晴,北東,4,2,6.76,03,差し,1,0.13,1.52.1
多摩川,7,一般,3,4203,小倉康典,61,78,晴,北東,4,2,6.74,04,差し,3,0.12,1.53.3
多摩川,7,一般,6,5201,村上宗太郎,38,81,晴,北東,4,2,6.75,05,差し,6,0.23,.  .
多摩川,7,一般,2,4339,平瀬城啓,24,56,晴,北東,4,2,6.81,06,差し,2,0.15,.  .
多摩川,8,一般,2,4834,浜本裕己,22,63,晴,東,2,2,6.76,01,差し,2,0.20,1.48.6
多摩川,8,一般,5,4188,久田敏之,70,39,晴,東,2,2,6.72,02,差し,5,0.23,1.49.6
多摩川,8,一般,1,4898,菊地敬介,33,22,晴,東,2,2,6.71,03,差し,1,0.23,1.50.7
多摩川,8,一般,3,3489,大場敏,55,37,晴,東,2,2,6.79,04,差し,3,0.21,1.52.9
多摩川,8,一般,4,4918,川島拓郎,54,25,晴,東,2,2,6.82,05,差し,4,0.20,.  .
多摩川,8,一般,6,3690,河合三弘,45,36,晴,東,2,2,6.82,06,差し,6,0.45,.  .
多摩川,9,一般,2,4902,山川雄大,27,66,晴,東,4,2,6.83,01,差し,2,0.24,1.50.1
多摩川,9,一般,1,5076,石原光,67,35,晴,東,4,2,6.93,02,差し,1,0.18,1.51.3
多摩川,9,一般,4,4200,早川尚人,12,43,晴,東,4,2,6.87,03,差し,4,0.23,1.52.7
多摩川,9,一般,6,4598,加藤政彦,40,46,晴,東,4,2,6.87,04,差し,6,0.25,1.53.8
多摩川,9,一般,3,5282,中本大樹,69,44,晴,東,4,2,6.86,05,差し,3,0.23,.  .
多摩川,9,一般,5,3477,近藤稔也,59,82,晴,東,4,2,6.83,06,差し,5,0.25,.  .
多摩川,10,準優勝戦,2,4824,松井洪弥,26,77,晴,東,4,2,6.79,01,差し,2,0.15,1.59.9
多摩川,10,準優勝戦,1,4152,深水慎一郎,51,69,晴,東,4,2,6.78,02,差し,1,0.13,2.02.4
多摩川,10,準優勝戦,4,3655,本橋克洋,37,27,晴,東,4,2,6.90,03,差し,4,0.19,2.04.3
多摩川,10,準優勝戦,6,4650,中山雄太,71,64,晴,東,4,2,6.79,04,差し,6,0.08,2.06.8
多摩川,11,準優勝戦,2,3256,三角哲男,43,48,曇り,東,4,2,6.85,01,差し,2,0.11,1.48.5
多摩川,11,準優勝戦,1,3983,須藤博倫,17,33,曇り,東,4,2,6.79,02,差し,1,0.10,1.50.5
多摩川,11,準優勝戦,4,4231,鈴木裕隆,39,76,曇り,東,4,2,6.84,03,差し,4,0.18,1.50.9
多摩川,11,準優勝戦,5,3557,太田和美,50,84,曇り,東,4,2,6.83,04,差し,5,0.14,1.52.2
多摩川,11,準優勝戦,6,4446,和田兼輔,58,83,曇り,東,4,2,6.71,05,差し,6,0.29,.  .
多摩川,11,準優勝戦,3,4943,八木治樹,56,30,曇り,東,4,2,6.78,06,差し,3,0.11,.  .
多摩川,12,準優勝戦,1,4188,久田敏之,70,39,曇り,東,3,3,6.72,01,逃げ,1,0.09,1.47.4
多摩川,12,準優勝戦,2,3995,重野哲之,44,52,曇り,東,3,3,6.76,02,逃げ,2,0.09,1.49.0
多摩川,12,準優勝戦,3,4700,金子和之,29,47,曇り,東,3,3,6.73,03,逃げ,3,0.14,1.50.9
多摩川,12,準優勝戦,4,3489,大場敏,55,37,曇り,東,3,3,6.75,04,逃げ,4,0.14,1.52.1
多摩川,12,準優勝戦,5,5065,伊久間陽優,20,23,曇り,東,3,3,6.77,05,逃げ,5,0.11,.  .
多摩川,12,準優勝戦,6,4461,安田吉宏,11,65,曇り,東,3,3,6.82,06,逃げ,6,0.13,.  .
江戸川,1,一般,1,5070,中島航,61,15,晴,北東,5,5,6.51,01,逃げ,1,0.21,1.52.0
江戸川,1,一般,6,4725,佐竹太一,53,63,晴,北東,5,5,6.56,02,逃げ,6,0.26,1.53.1
江戸川,1,一般,3,5007,近藤雄一郎,64,56,晴,北東,5,5,6.47,03,逃げ,3,0.19,1.53.4
江戸川,1,一般,2,3569,増田進,11,19,晴,北東,5,5,6.56,04,逃げ,2,0.19,1.55.1
江戸川,1,一般,5,4952,吉武真也,70,66,晴,北東,5,5,6.56,05,逃げ,5,0.19,.  .
江戸川,1,一般,4,5236,小宮涼雅,63,24,晴,北東,5,5,6.42,06,逃げ,4,0.17,.  .
江戸川,2,一般,1,4583,古田祐貴,28,55,晴,北東,5,5,6.48,01,逃げ,1,0.11,1.51.9
江戸川,2,一般,2,4332,村上彰一,43,61,晴,北東,5,5,6.52,02,逃げ,2,0.22,1.52.7
江戸川,2,一般,4,4563,齋藤真之,12,65,晴,北東,5,5,6.61,03,逃げ,4,0.15,1.54.4
江戸川,2,一般,5,4917,岩橋裕馬,71,62,晴,北東,5,5,6.64,04,逃げ,5,0.19,1.55.4
江戸川,2,一般,6,4370,山口達也,66,27,晴,北東,5,5,6.69,05,逃げ,6,0.19,.  .
江戸川,2,一般,3,4465,大西賢,68,47,晴,北東,5,5,6.59,06,逃げ,3,0.11,.  .
江戸川,3,一般,1,3313,本吉正樹,52,50,晴,北東,5,5,6.71,01,抜き,1,0.25,1.52.5
江戸川,3,一般,2,3907,村越篤,46,26,晴,北東,5,5,6.72,02,抜き,2,0.26,1.53.0
江戸川,3,一般,4,4619,伏田裕隆,13,10,晴,北東,5,5,6.58,03,抜き,4,0.34,1.54.4
江戸川,3,一般,5,4875,大塚康雅,20,36,晴,北東,5,5,6.63,04,抜き,5,0.33,1.54.9
江戸川,3,一般,3,4245,高橋直哉,67,22,晴,北東,5,5,6.57,05,抜き,3,0.32,.  .
江戸川,3,一般,6,4729,佐藤謙史朗,16,17,晴,北東,5,5,6.58,06,抜き,6,0.35,.  .
江戸川,4,一般,2,5211,高井駿弥,65,34,晴,北東,4,5,6.65,01,差し,2,0.14,1.51.9
江戸川,4,一般,5,4632,長尾京志郎,21,35,晴,北東,4,5,6.57,02,差し,5,0.17,1.53.3
江戸川,4,一般,6,4677,片橋幸貴,23,23,晴,北東,4,5,6.63,03,差し,6,0.27,1.54.5
江戸川,4,一般,3,4440,萩原知哉,69,69,晴,北東,4,5,6.61,04,差し,3,0.13,1.54.6
江戸川,4,一般,1,3973,崎利仁,22,41,晴,北東,4,5,6.74,05,差し,1,0.12,.  .
江戸川,4,一般,4,4995,田邉亮蔵,45,18,晴,北東,4,5,6.58,06,差し,4,0.14,.  .
江戸川,5,一般,1,4945,上村宏太,32,31,晴,北東,5,5,6.66,01,逃げ,1,0.21,1.51.1
江戸川,5,一般,4,3340,池田雷太,36,64,晴,北東,5,5,6.59,02,逃げ,4,0.23,1.52.1
江戸川,5,一般,2,4735,角山雄哉,55,28,晴,北東,5,5,6.58,03,逃げ,2,0.17,1.53.7
江戸川,5,一般,3,3277,齋藤勇,60,32,晴,北東,5,5,6.68,04,逃げ,3,0.19,1.55.3
江戸川,5,一般,5,5070,中島航,61,15,晴,北東,5,5,6.68,05,逃げ,5,0.23,.  .
江戸川,5,一般,6,5364,金子怜央,19,38,晴,北東,5,5,6.74,06,逃げ,6,0.29,.  .
江戸川,6,一般,1,3602,奥平拓也,39,60,晴,北東,6,5,6.72,01,逃げ,1,0.08,1.50.9
江戸川,6,一般,3,3202,三品隆浩,54,12,晴,北東,6,5,6.74,02,逃げ,3,0.13,1.52.8
江戸川,6,一般,2,3850,小川知行,14,57,晴,北東,6,5,6.64,03,逃げ,2,0.14,1.54.6
江戸川,6,一般,5,5236,小宮涼雅,63,24,晴,北東,6,5,6.62,04,逃げ,5,0.21,1.55.1
江戸川,6,一般,4,4750,井上尚悟,48,13,晴,北東,6,5,6.61,05,逃げ,4,0.12,.  .
江戸川,6,一般,6,4944,田代達也,24,67,晴,北東,6,5,6.66,06,逃げ,6,0.19,.  .
江戸川,7,一般,1,4077,品田直樹,59,20,晴,北東,3,5,6.67,01,逃げ,1,0.19,1.51.7
江戸川,7,一般,3,4407,鹿島敏弘,29,11,晴,北東,3,5,6.76,02,逃げ,3,0.21,1.53.5
江戸川,7,一般,6,4465,大西賢,68,47,晴,北東,3,5,6.78,03,逃げ,6,0.17,1.54.7
江戸川,7,一般,5,4725,佐竹太一,53,63,晴,北東,3,5,6.62,04,逃げ,5,0.31,1.55.9
江戸川,7,一般,4,3313,本吉正樹,52,50,晴,北東,3,5,6.72,05,逃げ,4,0.18,.  .
江戸川,7,一般,2,5033,藤原孝斗,26,48,晴,北東,3,5,6.69,06,逃げ,2,0.23,.  .
江戸川,8,一般,4,4245,高橋直哉,67,22,晴,北東,5,10,6.84,01,まくり差し,4,0.21,1.54.5
江戸川,8,一般,1,3105,内山文典,18,59,晴,北東,5,10,6.67,02,まくり差し,1,0.24,1.55.9
江戸川,8,一般,5,3569,増田進,11,19,晴,北東,5,10,6.80,03,まくり差し,5,0.17,1.57.7
江戸川,8,一般,3,5211,高井駿弥,65,34,晴,北東,5,10,6.78,04,まくり差し,3,0.34,1.58.7
江戸川,8,一般,2,4563,齋藤真之,12,65,晴,北東,5,10,6.71,05,まくり差し,2,0.43,.  .
江戸川,8,一般,6,5371,早川颯太,47,70,晴,北東,5,10,6.81,06,まくり差し,6,0.17,.  .
江戸川,9,一般特選,4,3277,齋藤勇,60,32,晴,北東,5,15,6.72,01,まくり,4,0.07,1.53.6
江戸川,9,一般特選,3,4619,伏田裕隆,13,10,晴,北東,5,15,6.73,02,まくり,3,0.24,1.55.1
江戸川,9,一般特選,2,4952,吉武真也,70,66,晴,北東,5,15,6.58,03,まくり,2,0.25,1.57.6
江戸川,9,一般特選,5,4440,萩原知哉,69,69,晴,北東,5,15,6.75,04,まくり,5,0.16,1.58.7
江戸川,9,一般特選,1,4917,岩橋裕馬,71,62,晴,北東,5,15,6.67,05,まくり,1,0.26,.  .
江戸川,9,一般特選,6,4162,竹本太樹,31,30,晴,北東,5,15,6.77,06,まくり,6,0.19,.  .
江戸川,10,選抜戦,1,4677,片橋幸貴,23,23,晴,東,3,15,6.72,01,逃げ,1,0.16,1.53.4
江戸川,10,選抜戦,3,4750,井上尚悟,48,13,晴,東,3,15,6.58,02,逃げ,3,0.16,1.54.7
江戸川,10,選抜戦,5,4735,角山雄哉,55,28,晴,東,3,15,6.74,03,逃げ,5,0.19,1.55.1
江戸川,10,選抜戦,2,4875,大塚康雅,20,36,晴,東,3,15,6.70,04,逃げ,2,0.13,1.57.4
江戸川,10,選抜戦,6,4583,古田祐貴,28,55,晴,東,3,15,6.94,05,逃げ,6,0.33,.  .
江戸川,10,選抜戦,4,5007,近藤雄一郎,64,56,晴,東,3,15,6.87,06,逃げ,4,0.22,.  .
江戸川,11,選抜戦,1,4370,山口達也,66,27,晴,北東,5,15,6.64,01,逃げ,1,0.16,1.53.0
江戸川,11,選抜戦,3,3340,池田雷太,36,64,晴,北東,5,15,6.88,02,逃げ,3,0.17,1.55.0
江戸川,11,選抜戦,2,4632,長尾京志郎,21,35,晴,北東,5,15,6.85,03,逃げ,2,0.19,1.56.5
江戸川,11,選抜戦,5,3907,村越篤,46,26,晴,北東,5,15,6.87,04,逃げ,5,0.29,1.58.1
江戸川,11,選抜戦,4,3202,三品隆浩,54,12,晴,北東,5,15,6.88,05,逃げ,4,0.22,.  .
江戸川,11,選抜戦,6,4077,品田直樹,59,20,晴,北東,5,15,6.92,06,逃げ,6,0.29,.  .
江戸川,12,優勝戦,6,4161,黒柳浩孝,49,71,晴,北東,5,15,6.57,01,恵まれ,6,0.09,1.57.1
江戸川,12,優勝戦,5,4723,寺島吉彦,17,58,晴,北東,5,15,6.72,02,恵まれ,5,0.04,1.59.8
桐生,1,予選,1,5081,篠原飛翔,13,43,晴,東,4,3,6.83,01,逃げ,1,0.15,1.50.4
桐生,1,予選,2,4495,森晋太郎,38,57,晴,東,4,3,6.78,02,逃げ,2,0.13,1.51.3
桐生,1,予選,4,3874,山本寛久,43,72,晴,東,4,3,6.73,03,逃げ,4,0.23,1.52.5
桐生,1,予選,6,4509,平見真彦,14,27,晴,東,4,3,6.74,04,逃げ,5,0.24,1.53.1
桐生,1,予選,5,5419,櫻井隼,17,39,晴,東,4,3,6.70,05,逃げ,6,0.33,1.58.7
桐生,1,予選,3,5315,浅井翼,68,11,晴,東,4,3,6.67,06,逃げ,3,0.17,1.58.8
桐生,2,予選,3,4679,植田太一,71,71,曇り,東,3,2,6.84,01,まくり,3,0.10,1.50.4
桐生,2,予選,4,4155,長野壮志郎,37,50,曇り,東,3,2,6.86,02,まくり,4,0.11,1.51.3
桐生,2,予選,1,5178,成貞琳平,61,23,曇り,東,3,2,6.80,03,まくり,1,0.09,1.51.8
桐生,2,予選,6,4139,丹下健,34,69,曇り,東,3,2,6.80,04,まくり,5,0.13,1.53.7
桐生,2,予選,2,4766,石井孝之,11,36,曇り,東,3,2,6.79,05,まくり,2,0.07,1.55.6
桐生,2,予選,5,5394,福西広太郎,23,52,曇り,東,3,2,6.82,06,まくり,6,0.21,1.56.3
桐生,3,予選,4,4560,庄司樹良々,22,63,曇り,東,2,1,6.80,01,まくり,4,0.04,1.49.6
桐生,3,予選,5,4506,稗田聖也,72,44,曇り,東,2,1,6.87,02,まくり,5,0.03,1.50.5
桐生,3,予選,6,4608,荒井翔伍,65,35,曇り,東,2,1,6.84,03,まくり,6,0.05,1.51.5
桐生,3,予選,1,5134,大原祥昌,69,18,曇り,東,2,1,6.72,04,まくり,1,0.12,1.53.5
桐生,3,予選,3,5048,眞鳥康太,48,48,曇り,東,2,1,6.89,05,まくり,3,0.14,1.55.8
桐生,3,予選,2,4983,前田篤哉,27,16,曇り,東,2,1,6.74,06,まくり,2,0.14,1.58.5
桐生,4,予選,3,4086,寺本重宣,39,61,曇り,東,3,2,6.82,01,まくり差し,3,0.18,1.50.1
桐生,4,予選,2,3414,加瀬智宏,64,33,曇り,東,3,2,6.80,02,まくり差し,2,0.17,1.51.1
桐生,4,予選,5,4545,岡村慶太,28,41,曇り,東,3,2,6.79,03,まくり差し,5,0.12,1.52.0
桐生,4,予選,4,4103,山崎善庸,46,54,曇り,東,3,2,6.80,04,まくり差し,4,0.20,1.54.0
桐生,4,予選,1,4058,野末智一,70,45,曇り,東,3,2,6.69,05,まくり差し,1,0.27,1.55.5
桐生,4,予選,6,5147,田中勇輔,58,37,曇り,東,3,2,6.74,06,まくり差し,6,0.14,1.57.0
桐生,5,予選,5,4397,西村拓也,74,17,曇り,東,4,3,6.78,01,まくり,5,0.16,1.49.7
桐生,5,予選,4,3381,滝沢芳行,59,58,曇り,東,4,3,6.65,02,まくり,4,0.06,1.51.3
桐生,5,予選,6,4516,野口勝弘,19,22,曇り,東,4,3,6.85,03,まくり,6,0.38,1.53.4
桐生,5,予選,1,4495,森晋太郎,38,57,曇り,東,4,3,6.80,04,まくり,1,0.06,1.55.2
桐生,5,予選,2,5109,川崎智稔,57,59,曇り,東,4,3,6.75,05,まくり,2,0.13,1.55.3
桐生,5,予選,3,4173,岡谷健吾,60,47,曇り,東,4,3,6.78,06,まくり,3,0.14,1.56.0
桐生,6,ドラドキ目玉,1,4305,金子拓矢,41,20,曇り,東,4,3,6.80,01,逃げ,1,0.16,1.50.4
桐生,6,ドラドキ目玉,5,4752,西尾亮輔,20,75,曇り,東,4,3,6.85,02,逃げ,5,0.20,1.52.0
桐生,6,ドラドキ目玉,3,4421,森作広大,15,60,曇り,東,4,3,6.79,03,逃げ,3,0.21,1.53.9
桐生,6,ドラドキ目玉,2,5100,栗原一馬,75,25,曇り,東,4,3,6.90,04,逃げ,2,0.21,1.54.7
桐生,6,ドラドキ目玉,6,5394,福西広太郎,23,52,曇り,東,4,3,6.82,05,逃げ,6,0.38,1.55.9
桐生,6,ドラドキ目玉,4,5315,浅井翼,68,11,曇り,東,4,3,6.79,06,逃げ,4,0.19,1.58.2
桐生,7,ドラドキ３,1,4109,谷津幸宏,24,67,曇り,東,3,2,6.75,01,逃げ,1,0.23,1.49.2
桐生,7,ドラドキ３,5,4416,三宅健太,54,13,曇り,東,3,2,6.75,02,逃げ,5,0.22,1.51.7
桐生,7,ドラドキ３,3,4983,前田篤哉,27,16,曇り,東,3,2,6.80,03,逃げ,3,0.28,1.53.5
桐生,7,ドラドキ３,4,3462,竹上真司,18,64,曇り,東,3,2,6.75,04,逃げ,4,0.30,1.54.3
桐生,7,ドラドキ３,6,3445,加藤高史,44,19,曇り,東,3,2,6.79,05,逃げ,6,0.34,1.57.1
桐生,7,ドラドキ３,2,5081,篠原飛翔,13,43,曇り,東,3,2,6.73,06,逃げ,2,0.35,2.02.8
桐生,8,ドラドキ５,1,3960,菊地孝平,31,51,曇り,東,5,4,6.65,01,逃げ,1,0.13,1.49.3
桐生,8,ドラドキ５,2,5178,成貞琳平,61,23,曇り,東,5,4,6.83,02,逃げ,2,0.20,1.50.5
桐生,8,ドラドキ５,3,5134,大原祥昌,69,18,曇り,東,5,4,6.77,03,逃げ,3,0.16,1.51.4
桐生,8,ドラドキ５,5,5004,河野主樹,63,74,曇り,東,5,4,6.78,04,逃げ,5,0.24,1.53.0
桐生,8,ドラドキ５,4,3414,加瀬智宏,64,33,曇り,東,5,4,6.84,05,逃げ,4,0.22,1.54.7
桐生,8,ドラドキ５,6,5419,櫻井隼,17,39,曇り,東,5,4,6.76,06,逃げ,6,0.23,1.56.8
桐生,9,予選特賞,3,4172,森定晃史,55,42,曇り,東,3,2,6.77,01,まくり,3,0.17,1.49.8
桐生,9,予選特賞,4,3641,一瀬明,26,21,曇り,東,3,2,6.84,02,まくり,4,0.11,1.50.6
桐生,9,予選特賞,5,4403,木下大將,40,28,曇り,東,3,2,6.81,03,まくり,5,0.15,1.52.9
桐生,9,予選特賞,1,3381,滝沢芳行,59,58,曇り,東,3,2,6.65,04,まくり,1,0.20,1.54.5
桐生,9,予選特賞,2,4155,長野壮志郎,37,50,曇り,東,3,2,6.76,05,まくり,2,0.24,1.55.2
桐生,9,予選特賞,6,5048,眞鳥康太,48,48,曇り,東,3,2,6.83,06,まくり,6,0.25,1.55.4
桐生,10,予選特賞,1,3874,山本寛久,43,72,曇り,東,3,2,6.69,01,逃げ,1,0.13,1.49.1
桐生,10,予選特賞,2,4216,星栄爾,49,49,曇り,東,3,2,6.75,02,逃げ,2,0.16,1.50.9
桐生,10,予選特賞,5,4086,寺本重宣,39,61,曇り,東,3,2,6.67,03,逃げ,5,0.23,1.52.6
桐生,10,予選特賞,3,5319,近藤颯斗,67,15,曇り,東,3,2,6.79,04,逃げ,3,0.12,1.53.7
桐生,10,予選特賞,6,4969,町田洸希,53,73,曇り,東,3,2,6.77,05,逃げ,6,0.25,1.54.4
桐生,10,予選特賞,4,4516,野口勝弘,19,22,曇り,東,3,2,6.74,06,逃げ,4,0.24,1.54.5
桐生,11,一般特選,1,4397,西村拓也,74,17,曇り,東,3,2,6.67,01,逃げ,1,0.29,1.48.7
桐生,11,一般特選,4,4608,荒井翔伍,65,35,曇り,東,3,2,6.79,02,逃げ,4,0.12,1.51.5
桐生,11,一般特選,3,4305,金子拓矢,41,20,曇り,東,3,2,6.80,03,逃げ,3,0.16,1.52.5
桐生,11,一般特選,2,4058,野末智一,70,45,曇り,東,3,2,6.81,04,逃げ,2,0.23,1.53.8
桐生,11,一般特選,6,3462,竹上真司,18,53,曇り,東,3,2,6.72,05,逃げ,6,0.21,1.54.2
桐生,11,一般特選,5,4679,植田太一,71,71,曇り,東,3,2,6.75,06,逃げ,5,0.15,1.57.6
桐生,12,一般桐生特選,1,4545,岡村慶太,28,41,曇り,東,3,2,6.69,01,抜き,1,0.11,1.48.8
桐生,12,一般桐生特選,3,5109,川崎智稔,57,59,曇り,東,3,2,6.72,02,抜き,3,0.11,1.49.9
桐生,12,一般桐生特選,5,4109,谷津幸宏,24,67,曇り,東,3,2,6.73,03,抜き,5,0.11,1.51.2
桐生,12,一般桐生特選,4,3960,菊地孝平,31,51,曇り,東,3,2,6.67,04,抜き,4,0.10,1.53.0
桐生,12,一般桐生特選,2,4509,平見真彦,14,27,曇り,東,3,2,6.68,05,抜き,2,0.15,1.54.0
桐生,12,一般桐生特選,6,4766,石井孝之,11,36,曇り,東,3,2,6.77,06,抜き,6,0.08,1.55.9
